State,Offence category,Subcategory,2019 population,2020 population,Jan 1995,Feb 1995,Mar 1995,Apr 1995,May 1995,Jun 1995,Jul 1995,Aug 1995,Sep 1995,Oct 1995,Nov 1995,Dec 1995,Jan 1996,Feb 1996,Mar 1996,Apr 1996,May 1996,Jun 1996,Jul 1996,Aug 1996,Sep 1996,Oct 1996,Nov 1996,Dec 1996,Jan 1997,Feb 1997,Mar 1997,Apr 1997,May 1997,Jun 1997,Jul 1997,Aug 1997,Sep 1997,Oct 1997,Nov 1997,Dec 1997,Jan 1998,Feb 1998,Mar 1998,Apr 1998,May 1998,Jun 1998,Jul 1998,Aug 1998,Sep 1998,Oct 1998,Nov 1998,Dec 1998,Jan 1999,Feb 1999,Mar 1999,Apr 1999,May 1999,Jun 1999,Jul 1999,Aug 1999,Sep 1999,Oct 1999,Nov 1999,Dec 1999,Jan 2000,Feb 2000,Mar 2000,Apr 2000,May 2000,Jun 2000,Jul 2000,Aug 2000,Sep 2000,Oct 2000,Nov 2000,Dec 2000,Jan 2001,Feb 2001,Mar 2001,Apr 2001,May 2001,Jun 2001,Jul 2001,Aug 2001,Sep 2001,Oct 2001,Nov 2001,Dec 2001,Jan 2002,Feb 2002,Mar 2002,Apr 2002,May 2002,Jun 2002,Jul 2002,Aug 2002,Sep 2002,Oct 2002,Nov 2002,Dec 2002,Jan 2003,Feb 2003,Mar 2003,Apr 2003,May 2003,Jun 2003,Jul 2003,Aug 2003,Sep 2003,Oct 2003,Nov 2003,Dec 2003,Jan 2004,Feb 2004,Mar 2004,Apr 2004,May 2004,Jun 2004,Jul 2004,Aug 2004,Sep 2004,Oct 2004,Nov 2004,Dec 2004,Jan 2005,Feb 2005,Mar 2005,Apr 2005,May 2005,Jun 2005,Jul 2005,Aug 2005,Sep 2005,Oct 2005,Nov 2005,Dec 2005,Jan 2006,Feb 2006,Mar 2006,Apr 2006,May 2006,Jun 2006,Jul 2006,Aug 2006,Sep 2006,Oct 2006,Nov 2006,Dec 2006,Jan 2007,Feb 2007,Mar 2007,Apr 2007,May 2007,Jun 2007,Jul 2007,Aug 2007,Sep 2007,Oct 2007,Nov 2007,Dec 2007,Jan 2008,Feb 2008,Mar 2008,Apr 2008,May 2008,Jun 2008,Jul 2008,Aug 2008,Sep 2008,Oct 2008,Nov 2008,Dec 2008,Jan 2009,Feb 2009,Mar 2009,Apr 2009,May 2009,Jun 2009,Jul 2009,Aug 2009,Sep 2009,Oct 2009,Nov 2009,Dec 2009,Jan 2010,Feb 2010,Mar 2010,Apr 2010,May 2010,Jun 2010,Jul 2010,Aug 2010,Sep 2010,Oct 2010,Nov 2010,Dec 2010,Jan 2011,Feb 2011,Mar 2011,Apr 2011,May 2011,Jun 2011,Jul 2011,Aug 2011,Sep 2011,Oct 2011,Nov 2011,Dec 2011,Jan 2012,Feb 2012,Mar 2012,Apr 2012,May 2012,Jun 2012,Jul 2012,Aug 2012,Sep 2012,Oct 2012,Nov 2012,Dec 2012,Jan 2013,Feb 2013,Mar 2013,Apr 2013,May 2013,Jun 2013,Jul 2013,Aug 2013,Sep 2013,Oct 2013,Nov 2013,Dec 2013,Jan 2014,Feb 2014,Mar 2014,Apr 2014,May 2014,Jun 2014,Jul 2014,Aug 2014,Sep 2014,Oct 2014,Nov 2014,Dec 2014,Jan 2015,Feb 2015,Mar 2015,Apr 2015,May 2015,Jun 2015,Jul 2015,Aug 2015,Sep 2015,Oct 2015,Nov 2015,Dec 2015,Jan 2016,Feb 2016,Mar 2016,Apr 2016,May 2016,Jun 2016,Jul 2016,Aug 2016,Sep 2016,Oct 2016,Nov 2016,Dec 2016,Jan 2017,Feb 2017,Mar 2017,Apr 2017,May 2017,Jun 2017,Jul 2017,Aug 2017,Sep 2017,Oct 2017,Nov 2017,Dec 2017,Jan 2018,Feb 2018,Mar 2018,Apr 2018,May 2018,Jun 2018,Jul 2018,Aug 2018,Sep 2018,Oct 2018,Nov 2018,Dec 2018,Jan 2019,Feb 2019,Mar 2019,Apr 2019,May 2019,Jun 2019,Jul 2019,Aug 2019,Sep 2019,Oct 2019,Nov 2019,Dec 2019,Jan 2020,Feb 2020,Mar 2020,Total for prev 12m,Total for last 12m,% change,Kendall's trend test over 24m,p-value for Kendall's trend test
NSW,Homicide,Murder *,"7,988,241","7,988,241",9,11,10,11,7,10,8,15,10,9,10,14,11,9,17,6,8,5,8,7,8,18,10,9,9,6,11,7,14,8,12,5,5,13,18,12,6,10,11,14,5,8,7,5,10,9,11,9,7,12,17,8,14,13,7,12,7,11,7,14,13,6,9,6,11,9,7,15,7,10,8,13,9,13,7,9,10,12,8,10,10,8,9,10,11,9,13,7,6,7,6,7,9,7,6,14,4,13,8,8,8,6,4,9,12,10,9,7,8,6,5,9,6,5,12,7,4,1,2,9,11,9,6,9,4,7,10,5,4,9,8,4,20,5,11,6,7,4,7,10,7,6,5,11,11,8,8,1,4,6,5,7,8,9,10,6,7,9,9,5,6,11,2,5,4,7,5,12,6,11,6,7,10,4,11,6,5,6,6,9,4,7,6,7,5,9,7,7,5,8,10,4,7,8,8,9,8,2,7,9,3,10,13,7,7,6,4,4,8,4,9,6,9,5,5,6,8,9,7,11,3,4,9,6,8,12,6,12,8,6,6,9,6,6,9,5,16,4,11,10,6,5,9,10,4,5,5,4,5,9,5,7,4,2,9,6,2,3,5,6,10,8,8,7,5,6,5,3,2,9,4,4,5,4,2,4,5,6,5,4,6,6,5,11,3,7,4,10,9,5,6,5,6,4,2,9,5,6,8,8,8,7,6,76,74,-2.6%,0.13,0.41
NSW,Homicide,Attempted murder,"7,988,241","7,988,241",1,3,4,6,5,1,5,1,6,9,9,10,3,6,9,10,7,6,6,6,6,10,6,13,9,9,8,4,6,7,3,4,8,13,8,16,11,14,20,7,4,13,8,8,1,4,13,9,9,9,17,9,10,10,11,5,9,7,9,9,9,7,17,2,12,13,12,5,11,10,12,12,16,19,11,18,15,9,10,13,11,11,6,21,8,10,9,9,9,15,7,7,4,8,8,9,13,6,6,12,7,7,9,10,5,12,7,3,4,4,7,5,10,4,9,6,5,4,4,6,2,1,8,5,5,5,2,5,1,9,7,4,4,6,4,3,7,4,8,5,8,4,3,9,3,4,3,2,4,2,6,7,8,6,3,3,3,4,10,2,4,5,7,0,3,4,5,4,5,2,4,4,7,2,2,2,5,1,4,6,2,0,1,5,3,4,5,5,1,2,2,4,8,6,4,1,5,4,1,4,3,2,4,5,0,2,2,5,3,2,1,1,4,0,4,2,5,3,1,1,2,5,4,2,3,5,5,2,0,1,5,4,1,0,2,0,1,3,3,2,1,5,3,9,1,0,0,1,1,2,2,3,3,1,3,4,1,3,3,3,3,0,2,2,0,0,4,2,1,1,3,1,1,0,2,2,1,0,3,1,1,1,2,4,4,2,0,0,4,1,0,2,2,2,5,0,2,2,4,2,4,2,2,20,29,45.0%,0.21,0.18
NSW,Homicide,"Murder accessory, conspiracy","7,988,241","7,988,241",0,2,0,0,2,0,0,1,0,1,0,0,0,0,0,0,1,0,0,0,0,3,2,3,0,1,0,0,0,0,1,0,1,3,0,0,1,1,0,3,0,0,0,1,1,0,1,1,2,3,1,1,1,1,3,0,0,0,2,0,0,0,2,0,2,0,0,2,1,0,0,1,3,0,1,0,1,0,2,0,2,1,1,0,0,1,0,0,0,3,0,0,0,2,0,0,0,0,1,0,0,2,2,0,0,3,0,2,0,0,0,0,0,0,0,2,1,0,1,0,2,0,0,0,1,2,0,0,1,5,1,0,1,0,1,1,0,1,1,0,1,0,0,2,0,1,0,0,1,1,0,1,0,0,0,0,0,1,0,1,1,0,0,0,0,1,0,3,1,0,0,0,0,0,0,1,1,0,3,1,0,0,1,0,1,0,4,1,0,0,0,0,0,0,1,0,1,0,0,0,0,0,0,0,0,1,0,0,0,0,1,0,0,0,1,1,0,0,0,0,1,0,0,0,0,0,1,1,0,0,0,0,0,0,0,1,0,0,0,0,1,0,2,0,0,0,0,0,2,0,2,0,0,1,0,0,0,0,0,0,1,1,0,0,0,0,1,0,0,0,1,0,1,0,0,0,1,0,0,0,0,0,1,0,0,0,0,0,0,1,0,0,0,0,0,0,0,0,0,0,1,0,1,2,2,0.0%,0.15,0.39
NSW,Homicide,Manslaughter *,"7,988,241","7,988,241",0,2,1,2,1,0,1,0,1,0,1,0,0,0,1,2,4,4,1,2,0,2,1,2,5,1,2,3,1,0,0,2,1,1,1,1,2,3,4,1,1,9,1,0,3,4,1,1,1,2,1,0,1,0,1,0,1,1,0,2,2,1,1,3,0,1,2,1,0,0,2,1,0,1,0,5,0,0,0,1,1,3,0,3,1,1,0,1,2,1,0,1,1,3,0,2,1,1,1,1,1,3,0,2,1,0,0,1,1,0,0,0,1,0,1,0,2,2,0,3,2,1,1,0,0,0,1,0,1,0,0,0,1,0,0,1,0,0,0,3,0,1,0,1,0,5,2,0,0,0,0,0,0,0,0,2,1,1,0,0,9,0,1,1,1,0,0,1,1,3,0,1,1,0,0,0,0,2,3,0,3,2,0,1,1,0,0,1,1,1,0,1,2,0,0,0,1,0,0,1,1,1,1,0,2,1,2,0,2,3,0,1,0,0,1,1,0,0,1,0,0,0,0,0,0,0,0,1,0,1,0,2,0,0,1,0,1,0,0,0,0,1,1,1,1,0,0,1,0,2,0,0,1,1,0,0,1,1,0,0,0,0,0,2,1,0,0,1,0,1,1,1,1,2,0,0,2,1,0,2,0,1,1,0,2,0,0,1,1,3,1,0,0,1,0,0,3,0,0,1,0,1,1,12,7,-41.7%,-0.08,0.61
NSW,Assault,Domestic violence related assault,"7,988,241","7,988,241",613,591,625,640,602,608,639,741,714,830,851,948,1019,897,989,900,986,1233,1102,1144,1218,1273,1406,1693,1488,1457,1435,1266,1171,1209,1186,1286,1271,1451,1506,1806,1753,1526,1564,1329,1368,1272,1350,1377,1414,1412,1505,1765,1921,1518,1532,1356,1345,1203,1367,1413,1365,1469,1508,1692,1887,1633,1709,1627,1554,1532,1646,1574,1553,1668,1709,2168,2246,2024,1901,1726,1611,1722,1694,1735,1872,2148,1977,2363,2402,2009,2099,1852,1866,1913,1881,1952,2102,2212,2266,2553,2707,2321,2310,1963,2129,2105,1896,1895,1991,2037,2215,2497,2490,2199,2217,1925,1886,1947,1964,2018,1954,2210,2252,2462,2569,2120,2246,1938,1919,1860,1978,1952,2012,2189,2146,2520,2603,2287,2334,1928,1959,1926,1980,1970,2055,2236,2208,2570,2659,2349,2546,2175,2156,1971,1969,1979,2012,2085,2277,2474,2466,2164,2244,1848,1975,1866,1960,2022,2052,2259,2258,2470,2696,2339,2276,1997,1986,1937,1967,2029,2030,2156,2361,2491,2633,2205,2291,1950,2042,1975,1962,2004,2087,2196,2205,2604,2821,2270,2387,2150,2045,2014,2105,2088,2030,2261,2367,2369,2617,2237,2275,2258,2079,1951,2165,2232,2236,2302,2467,2734,2767,2189,2606,2120,2119,2111,2101,2170,2286,2484,2483,2995,2852,2368,2689,2300,2252,2103,2119,2234,2334,2500,2649,2799,2809,2393,2534,2227,2312,2182,2136,2300,2225,2508,2731,2756,2721,2523,2700,2285,2257,2167,2227,2175,2276,2459,2543,2815,2866,2462,2517,2204,2133,2070,2037,2074,2249,2509,2406,2949,2847,2328,2562,2335,2185,2239,2254,2303,2303,2499,2562,3296,3069,2549,2633,2434,2294,2347,2359,2495,2525,2661,2772,3135,3128,2550,2757,30227,31457,4.1%,0.48,0.00
NSW,Assault,Non-domestic violence related assault,"7,988,241","7,988,241",2416,2277,2379,2160,2128,2137,2140,2323,2408,2606,2562,2958,2711,2563,2979,2434,2546,2564,2294,2633,2721,2828,2834,3105,2782,2765,3313,2601,2580,2478,2542,2824,2805,3003,3260,3472,3264,3005,3353,2742,2902,2732,2842,3090,3081,3304,3300,3452,3412,3185,3333,2759,3014,2674,2712,2947,3112,3194,3144,3432,3363,3180,3590,3042,2834,2972,2987,3118,3061,3307,3411,3681,3630,3508,3715,3194,3149,3328,3035,3287,3510,3618,3699,3900,3735,3417,3916,3357,3368,3103,3091,3439,3546,3715,4038,3945,3736,3832,4095,3231,3256,3270,3074,3214,3483,3425,3536,3789,3397,3559,3569,3078,3093,2991,3048,3215,3174,3429,3499,3745,3592,3360,3746,3343,3240,3086,3211,3176,3212,3502,3715,3931,3573,3599,3862,3302,3054,2986,3210,3238,3340,3469,3673,3864,3491,3441,4128,3447,3433,3043,3171,3449,3521,3503,3602,3771,3730,3640,4094,3127,3653,3323,3083,3497,3460,3685,3909,3592,3603,3301,3841,3250,3260,2965,2840,3429,3241,3443,3679,3766,3799,3416,3728,3072,3092,2998,2900,3274,3223,3380,3425,3560,3435,3272,3531,3021,2918,2998,2829,2975,3026,3184,2958,3222,3164,3083,3244,2920,2839,2596,2662,2837,2938,2961,3012,3328,2990,2808,3203,2641,2779,2717,2528,2807,2768,2795,2886,3169,2911,2602,2991,2438,2650,2320,2302,2438,2481,2826,2920,2887,2732,2653,2810,2353,2488,2273,2260,2446,2349,2735,2877,2882,2743,2795,2869,2655,2562,2261,2357,2376,2521,2723,2858,3052,2878,2705,2935,2605,2631,2453,2325,2481,2482,2905,2846,2981,2868,2755,3046,2562,2530,2403,2293,2473,2626,2596,2824,2942,2766,2603,3017,2617,2629,2419,2426,2623,2645,2800,2939,2869,2644,2708,2533,31635,31852,0.7%,0.29,0.05
NSW,Assault,Assault Police,"7,988,241","7,988,241",196,177,181,177,131,146,154,119,135,148,130,185,185,164,173,148,167,155,162,173,211,174,196,256,263,213,212,175,176,192,151,209,192,197,264,313,282,191,239,224,257,189,256,232,238,276,316,316,315,260,278,254,197,209,226,230,217,240,227,246,281,236,235,245,211,190,203,217,225,234,233,243,309,275,298,234,231,248,228,264,317,271,245,295,355,264,263,218,224,260,231,208,213,233,254,308,305,221,292,244,236,204,202,200,241,210,239,264,302,237,242,191,217,196,229,220,203,258,221,250,292,242,258,237,238,216,237,194,193,231,245,259,238,241,260,215,219,184,198,238,227,243,247,289,256,215,244,228,221,149,195,228,250,200,203,354,284,242,243,246,264,220,211,207,222,244,248,254,304,238,238,232,235,173,200,212,220,249,190,254,242,187,208,188,171,170,194,178,184,192,186,273,286,215,253,203,204,192,212,173,177,206,151,223,229,193,176,203,145,182,156,185,168,168,185,244,247,217,234,210,197,186,180,230,210,232,200,311,265,202,223,230,206,173,180,205,196,201,200,237,264,201,219,206,206,186,171,207,172,223,192,225,256,191,238,198,172,150,164,170,184,173,185,244,269,174,200,214,174,183,162,143,186,207,178,245,255,185,227,225,172,164,168,176,219,209,221,255,257,161,231,203,189,198,197,180,197,201,214,255,242,208,211,2458,2495,1.5%,0.19,0.20
NSW,Sexual offences,Sexual assault,"7,988,241","7,988,241",237,157,199,188,148,160,175,229,216,196,235,210,325,186,248,286,286,260,228,324,238,288,256,216,301,313,287,300,303,242,290,381,343,343,318,322,331,288,306,265,265,300,201,238,321,293,263,247,295,309,305,227,249,295,225,241,247,222,285,276,297,355,329,309,271,280,283,276,229,320,285,291,330,374,345,292,307,306,278,265,286,360,323,248,315,344,296,335,316,300,246,311,316,374,354,288,313,313,330,282,353,324,314,354,351,311,331,314,356,379,384,298,312,334,339,360,309,344,393,358,299,331,396,284,373,341,258,389,315,297,371,304,280,296,397,288,333,291,293,326,307,330,348,332,323,331,400,314,371,305,386,311,332,334,337,329,341,307,379,319,367,360,283,323,377,384,394,354,313,342,472,300,384,369,314,380,446,393,405,359,338,402,438,345,359,392,339,368,376,358,439,355,336,321,453,311,329,361,361,458,435,398,406,316,362,389,379,336,442,400,325,473,385,426,491,359,378,377,366,350,414,336,362,413,418,443,453,412,394,422,451,374,462,422,425,418,391,422,420,388,384,365,470,354,407,398,444,419,443,452,467,379,389,472,540,393,399,420,395,458,372,484,518,410,466,539,562,425,538,494,461,545,423,527,529,493,474,469,545,473,565,523,406,485,450,453,545,460,435,531,612,468,512,461,470,525,604,553,621,518,512,595,566,5938,6405,7.9%,0.32,0.03
NSW,Sexual offences,"Indecent assault, act of indecency and other sexual offences","7,988,241","7,988,241",394,350,438,341,346,316,276,429,363,403,398,431,469,407,484,526,546,519,423,522,461,451,463,402,558,486,636,578,569,485,492,591,521,537,543,551,488,496,485,445,460,447,391,427,531,471,445,369,421,430,463,348,445,435,354,410,441,423,377,440,467,478,545,401,436,424,460,473,399,470,487,425,466,535,555,409,392,429,379,413,443,459,419,404,471,513,467,453,530,399,387,484,495,499,531,650,508,438,548,460,486,446,389,468,427,413,455,429,442,479,508,398,404,372,420,467,465,463,488,461,479,543,529,397,443,423,369,446,468,514,482,431,428,484,534,419,446,405,363,471,416,443,490,430,539,442,500,394,444,379,318,369,458,469,460,372,467,394,498,417,407,392,390,410,448,411,537,445,454,411,502,358,473,416,356,509,492,427,480,486,478,459,570,451,423,400,405,450,435,415,436,404,493,509,627,437,518,497,349,481,497,565,555,407,478,519,497,432,422,376,414,501,489,537,642,508,469,492,582,487,618,517,465,561,574,584,550,580,529,641,692,488,578,540,505,530,458,566,575,507,481,542,652,531,604,590,549,530,585,617,626,580,532,613,694,549,555,606,490,585,595,597,641,583,587,705,662,507,692,598,604,616,677,758,649,574,623,658,738,609,708,642,644,694,582,673,798,660,629,738,868,602,703,605,640,719,754,672,764,651,538,735,708,8245,8091,-1.9%,0.13,0.39
NSW,Abduction and kidnapping,,"7,988,241","7,988,241",15,16,23,22,14,13,19,23,13,21,37,12,18,16,13,21,23,30,24,22,35,31,19,19,29,17,44,23,27,22,17,22,29,31,35,24,36,34,28,27,22,29,27,33,51,56,46,41,34,36,34,25,27,29,26,29,24,44,30,39,35,24,35,26,25,26,23,48,37,21,29,20,43,36,33,29,37,31,37,41,31,60,32,30,36,36,30,30,32,25,29,27,30,25,30,38,27,19,25,30,31,30,26,35,22,38,34,21,35,35,31,30,32,37,36,25,35,31,34,24,30,24,29,30,27,22,25,38,29,39,46,36,31,31,39,21,30,29,23,31,31,34,38,26,23,25,39,24,38,24,28,36,28,25,24,27,19,30,46,25,38,27,19,26,47,52,34,37,25,29,43,21,24,25,30,27,40,20,27,19,24,19,23,18,25,32,26,30,18,26,26,29,20,26,43,26,45,36,24,36,31,25,33,39,23,27,23,26,31,20,21,41,29,26,32,27,18,18,29,22,22,23,28,23,24,19,21,17,28,31,32,19,27,23,21,15,25,17,34,17,27,22,25,13,24,23,14,22,24,12,25,20,26,22,19,18,22,28,23,12,23,13,19,13,19,22,18,18,21,22,11,24,21,11,11,22,18,16,16,19,15,16,16,12,21,17,18,21,14,16,21,21,19,16,8,17,13,18,28,17,19,12,9,206,197,-4.4%,-0.05,0.73
NSW,Robbery,Robbery without a weapon,"7,988,241","7,988,241",414,333,366,363,358,319,361,335,360,412,412,432,403,337,428,380,485,437,383,342,367,428,467,437,493,500,646,550,605,510,508,449,495,497,487,565,478,464,555,570,561,507,541,524,507,583,568,543,539,512,561,589,529,477,466,521,481,539,573,518,616,478,636,561,622,614,642,552,498,517,568,590,710,757,815,636,668,617,604,600,585,576,525,558,583,530,650,608,531,478,474,460,512,470,537,435,466,490,580,590,616,493,508,385,466,463,503,402,453,389,490,423,427,327,346,373,345,352,359,365,364,327,468,422,340,354,354,385,423,458,462,455,400,408,422,390,344,384,375,355,378,387,377,395,378,357,449,469,422,334,382,322,372,354,377,364,370,379,515,425,393,353,289,341,296,386,340,305,309,301,334,351,331,306,284,326,289,320,293,284,357,289,374,293,337,281,296,254,265,236,255,247,321,223,313,252,233,230,201,227,259,216,247,253,239,240,272,242,250,228,191,210,213,263,229,205,246,196,237,213,229,191,203,201,169,188,213,182,173,158,174,158,166,149,159,172,170,147,149,162,159,140,160,137,155,131,116,95,109,136,106,124,112,116,120,125,116,97,119,103,104,115,126,110,133,112,140,120,124,113,140,108,103,117,110,131,142,115,146,119,98,130,127,108,133,110,131,138,148,121,153,115,111,94,101,115,131,113,124,130,109,128,112,1516,1383,-8.8%,-0.04,0.78
NSW,Robbery,Robbery with a firearm,"7,988,241","7,988,241",84,60,58,70,68,83,55,67,47,51,60,78,89,79,78,76,104,112,73,80,79,81,83,71,85,92,80,92,111,132,172,141,126,138,113,100,73,97,100,87,91,131,104,99,69,90,87,83,82,87,70,77,82,68,81,86,56,46,71,72,38,61,56,74,65,93,64,63,46,66,100,79,79,74,83,114,79,97,101,137,108,73,74,78,80,51,69,70,85,86,92,76,73,57,79,65,53,58,57,98,90,54,87,57,53,73,67,78,61,80,71,52,103,84,75,29,42,32,44,32,28,29,63,52,41,27,51,47,49,40,50,37,66,53,70,47,61,53,53,46,27,36,52,34,42,55,59,63,38,36,52,70,45,51,38,41,44,43,54,46,20,33,21,25,25,35,29,41,40,47,36,46,54,41,57,51,28,46,31,38,33,25,41,41,25,25,39,52,41,35,30,55,34,40,31,43,37,33,16,16,28,29,39,50,32,22,39,43,43,42,18,43,24,33,23,20,31,20,18,27,29,25,30,35,30,34,21,25,19,33,20,28,12,19,24,36,20,40,24,24,13,11,20,18,22,14,5,16,12,13,19,15,9,8,18,7,17,20,14,9,13,10,13,28,10,14,10,8,11,14,13,12,3,13,13,10,15,10,8,17,19,16,11,12,19,14,7,8,23,8,17,11,17,10,12,18,14,9,9,13,10,10,12,171,145,-15.2%,-0.21,0.16
NSW,Robbery,Robbery with a weapon not a firearm,"7,988,241","7,988,241",178,105,122,129,153,120,153,159,152,215,208,221,171,166,190,207,186,188,184,191,173,215,217,232,306,297,307,269,378,334,346,318,340,353,416,387,357,344,463,473,594,428,401,430,407,412,367,384,349,311,359,340,411,320,332,347,329,362,367,337,335,361,455,352,373,396,372,345,350,359,366,334,453,605,600,468,432,373,427,362,337,420,369,324,377,277,279,268,329,258,261,282,292,258,293,287,289,267,266,277,274,256,258,227,200,189,215,206,189,181,232,272,258,217,221,196,185,196,185,214,187,180,239,234,203,255,205,211,258,219,208,225,237,198,245,175,198,214,206,229,175,184,218,167,171,178,271,245,216,178,174,187,185,199,136,140,162,183,151,152,170,146,143,160,168,179,150,119,133,123,131,165,160,130,126,141,142,121,163,133,128,91,148,133,142,135,119,120,122,111,119,125,116,87,135,145,150,124,105,94,140,114,127,159,118,124,141,131,97,110,121,109,131,125,107,105,103,100,124,102,135,136,105,121,126,123,103,117,102,116,80,108,119,115,83,102,95,108,87,83,81,84,89,83,95,92,76,73,73,72,74,60,64,73,70,77,69,62,65,53,73,68,80,75,66,56,69,55,67,73,94,70,70,76,63,91,77,80,85,53,62,58,75,71,89,68,60,63,72,90,94,71,88,67,71,77,74,76,82,79,97,83,80,855,945,10.5%,0.45,0.00
NSW,Blackmail and extortion,,"7,988,241","7,988,241",1,2,2,1,3,1,0,2,3,1,2,1,2,1,0,1,1,5,6,2,1,8,4,1,9,6,6,4,6,2,5,12,1,4,4,3,4,7,7,8,1,6,5,16,7,2,3,3,3,2,7,7,2,3,4,2,11,4,5,17,7,4,2,3,5,7,6,4,4,5,6,1,5,4,2,5,3,3,8,11,1,7,5,3,5,7,3,5,6,4,7,6,4,4,3,0,3,6,3,5,9,8,4,2,2,3,4,5,2,4,6,10,3,2,3,7,5,4,7,10,4,9,6,5,3,2,1,6,14,2,5,3,1,12,4,4,5,5,4,10,5,11,6,4,1,3,7,6,5,4,8,6,4,8,4,3,6,5,13,11,5,7,3,3,7,4,17,5,5,5,6,7,9,57,7,5,5,11,13,28,33,1,14,19,13,14,8,8,6,3,8,4,9,6,9,16,10,8,12,7,8,6,3,5,9,9,5,5,9,7,9,15,13,12,11,10,10,5,14,3,10,6,10,5,7,7,6,10,14,5,13,9,6,7,9,3,4,10,16,10,8,9,6,9,12,8,14,13,18,20,9,11,12,14,5,9,5,5,12,11,11,9,10,8,4,5,8,13,6,6,9,8,5,10,10,3,8,11,5,13,12,13,10,13,9,7,7,7,2,11,7,3,4,12,5,6,5,11,9,4,9,9,5,111,82,-26.1%,-0.34,0.03
NSW,"Intimidation, stalking and harassment",,"7,988,241","7,988,241",346,331,433,416,476,533,517,621,615,574,642,521,688,621,628,668,779,696,836,737,715,737,806,818,864,851,958,892,906,862,922,883,885,863,876,930,1055,863,1119,961,949,906,972,1087,1087,1054,1125,935,1071,950,1080,1001,1123,988,997,1002,1070,1128,1098,1179,1199,1217,1323,1181,1182,1141,1274,1247,1168,1240,1279,1209,1385,1362,1453,1291,1331,1278,1382,1509,1406,1482,1409,1300,1391,1382,1438,1332,1297,1314,1411,1457,1476,1579,1543,1511,1674,1653,1654,1408,1586,1625,1610,1550,1526,1592,1511,1676,1834,1597,1694,1462,1549,1718,1709,1648,1714,1736,1896,1798,2087,1823,2114,1930,1769,1673,1723,1922,1956,1973,1934,2146,2098,1967,2239,1698,1774,1853,1972,2051,2022,2059,2086,2045,2296,2159,2411,1972,2067,1938,1944,2186,2086,2259,2296,2220,2346,2306,2204,1885,2132,2197,2094,2127,2185,2272,2283,2326,2506,2240,2630,2117,2256,2425,2183,2320,2441,2438,2315,2473,2632,2373,2617,2154,2374,2274,2279,2433,2458,2507,2500,2502,2727,2636,2864,2211,2393,2412,2249,2551,2439,2380,2387,2353,2608,2545,2573,2354,2498,2160,2318,2716,2545,2660,2674,2509,2663,2460,2682,2246,2410,2340,2341,2510,2406,2426,2437,2596,2817,2450,2712,2211,2368,2191,2207,2341,2562,2628,2644,2582,2762,2469,2710,2275,2439,2353,2318,2469,2439,2758,2734,2626,2736,2706,2689,2455,2419,2180,2344,2581,2509,2665,2727,2623,2696,2442,2724,2239,2449,2496,2278,2561,2430,2744,2759,2801,2931,2754,2840,2330,2411,2482,2433,2598,2642,2831,2950,3048,2984,2864,3006,2648,2920,2675,2719,2993,3046,3163,3230,3126,3263,3164,3112,32579,36059,10.7%,0.70,0.00
NSW,Other offences against the person,,"7,988,241","7,988,241",96,69,81,84,72,72,83,61,75,89,66,85,73,70,81,67,69,59,50,76,66,74,44,58,57,51,61,59,59,53,68,60,61,72,65,53,44,60,61,58,53,66,56,61,80,47,61,51,67,62,84,53,77,59,55,61,80,73,67,60,77,64,49,67,65,61,47,62,64,76,75,84,63,82,79,63,81,81,87,66,98,95,94,90,100,69,91,87,85,74,99,114,97,103,105,107,134,107,93,73,111,115,100,102,109,87,111,110,114,102,115,99,104,108,117,114,106,142,137,116,143,131,136,117,119,124,110,130,100,133,106,126,135,116,178,117,126,114,121,156,121,125,172,152,144,142,160,130,138,135,111,126,145,122,152,142,115,122,118,111,113,111,118,129,135,138,119,133,125,115,135,116,122,124,116,137,104,114,134,115,120,100,125,111,134,105,100,110,117,120,110,112,121,133,126,112,115,107,117,143,88,101,115,95,98,94,94,99,108,104,107,108,120,93,89,98,121,104,99,106,98,76,86,101,120,107,104,101,113,116,139,95,91,87,96,115,111,100,119,110,116,88,101,103,101,122,78,117,104,130,133,121,107,123,125,100,106,80,91,101,97,117,108,107,121,105,111,51,18,25,17,25,23,28,25,17,24,21,25,48,90,94,85,71,104,91,98,109,114,99,115,84,107,102,108,102,104,98,104,104,95,87,105,1118,1200,7.3%,0.25,0.09
NSW,Theft,Break and enter dwelling,"7,988,241","7,988,241",4988,4110,4951,4656,4855,4932,4967,5524,5570,5721,5137,5589,6107,5460,5999,5603,6275,6094,6315,6702,6278,6634,6387,6156,6580,6066,6895,6497,6870,6092,6274,6574,6542,6951,6926,6977,7471,6493,7243,7239,7612,7203,7235,7514,7201,7300,6354,6102,7013,6028,6716,6223,6555,5942,6291,6307,6075,6674,6440,6722,7087,6247,6844,6638,6927,6731,6803,6873,6648,7237,6945,6670,7983,6639,6427,6324,7011,6764,6662,6508,6109,6506,6174,6235,6365,5345,6042,5964,5870,5548,6019,5631,5778,5817,5557,5309,5471,4884,5345,5143,5420,5053,5252,4962,5134,5248,4901,4692,5126,4681,5345,4808,4777,4261,4151,4381,3943,4248,4503,4527,4469,4036,4413,4047,4171,3822,4017,3856,3841,4158,3986,4082,4418,3823,4296,3926,3782,4107,3767,3573,3775,3898,3942,3726,3986,3621,3948,3971,4513,3832,3835,3734,3565,4024,3961,3667,3748,3231,3808,3691,3830,3757,3657,3796,3743,3885,3708,3488,3873,3473,3574,3625,3577,3402,3246,3213,3193,3390,3442,3608,3689,3329,3720,3469,3556,3382,3081,3324,3343,3477,3481,3402,3649,3231,3480,3347,3521,3243,2916,3044,3283,3302,3337,3194,3300,3324,3390,3417,3358,3034,3174,3455,3533,3774,3469,3387,3404,2903,3111,2859,2952,2739,2708,2991,2927,2951,2842,2891,3020,2804,3071,2896,2815,2832,2420,2604,2905,2937,2850,2825,2961,2726,2834,2624,2681,2424,2455,2434,2522,2573,2594,2799,2726,2595,2616,2451,2421,2290,2401,2434,2418,2577,2415,2374,2680,2299,2514,2363,2398,2147,2035,2103,2073,2386,2511,2329,2616,2116,2308,2294,2337,2078,2112,2033,2104,2162,2225,2164,2369,2043,2160,2070,2089,2025,1920,2114,2249,2290,2175,2002,2249,2072,2002,26081,25257,-3.2%,-0.17,0.25
NSW,Theft,Break and enter non-dwelling,"7,988,241","7,988,241",3629,2981,3371,3202,3344,3180,3437,3432,3436,3609,3411,3363,3541,3293,3375,3276,3426,3635,3801,3823,3994,3788,3627,3947,4151,3600,3632,3457,3736,3634,3632,3545,3927,3894,4051,4202,4238,3817,4319,3792,4161,4239,4200,4240,4019,4064,3945,3696,3484,3443,3803,3446,3961,3976,3856,4012,3942,4022,4076,3926,4266,3993,4470,3901,4262,4147,4252,4129,3874,4520,4370,4227,4675,4201,4650,4398,4318,4218,4684,4443,4176,4343,4085,4028,4028,3599,3747,3589,3260,3386,3448,3256,3277,3320,3329,3202,3250,3050,3304,3134,3290,3338,2881,2734,2960,2953,2733,2683,2677,2569,2853,2439,2571,2273,2436,2554,2117,2410,2584,2230,2537,2346,2624,2188,2312,2205,2258,2169,2137,2226,2313,2244,2594,2337,2348,2291,2300,2164,2401,2060,2113,2224,2121,2129,2290,2062,2120,2269,1931,1998,1990,1697,1875,2107,2058,1978,2116,1980,2083,1884,2029,2066,1872,1643,1746,1906,1930,1710,1814,1602,1687,1700,1663,1639,1467,1505,1493,1611,1586,1464,1559,1477,1526,1299,1424,1330,1298,1426,1322,1441,1518,1437,1405,1375,1510,1450,1486,1382,1318,1331,1368,1538,1319,1600,1544,1347,1307,1524,1391,1208,1279,1261,1304,1446,1368,1306,1354,1064,1239,1373,1309,1256,1285,1187,1189,1170,1035,1136,1049,1049,1007,1013,1138,1084,983,1027,1216,1049,1024,1153,1006,970,1106,1236,1086,1068,914,922,939,872,863,929,1030,961,1071,965,970,977,888,959,910,1073,961,942,946,907,979,842,832,822,866,830,758,934,986,874,924,784,904,928,856,751,803,796,807,929,858,886,936,698,854,836,899,725,798,873,832,814,844,806,824,765,902,10102,9918,-1.8%,-0.07,0.66
NSW,Theft,Receiving or handling stolen goods,"7,988,241","7,988,241",418,438,541,475,521,597,522,585,598,615,502,499,646,552,628,569,647,608,600,627,578,867,675,629,823,624,717,677,829,813,796,765,833,930,811,842,977,899,947,797,1071,1098,1056,1003,981,982,853,870,1042,1045,1218,975,985,1013,987,972,964,911,1066,893,1003,956,1103,948,1165,1102,1057,1038,750,1068,1051,962,1341,1166,1046,981,989,974,959,970,896,936,928,864,1075,862,873,982,984,852,941,927,775,1060,776,796,879,803,863,847,852,813,744,782,809,780,747,630,808,644,680,650,695,636,621,658,599,635,649,691,664,574,630,547,567,509,541,544,540,620,471,516,535,504,601,510,568,510,482,497,487,498,439,461,514,457,579,536,576,457,455,492,437,477,522,537,526,533,560,577,547,490,468,475,514,479,422,436,423,453,441,441,500,421,442,387,398,401,442,524,463,496,543,458,484,481,425,445,426,409,483,557,512,453,616,492,487,562,459,506,463,490,446,542,550,535,495,504,584,553,502,542,563,688,629,590,595,498,636,554,571,536,521,589,581,572,663,577,631,560,655,668,626,583,570,632,586,619,649,698,721,626,704,626,748,709,720,672,613,629,646,764,727,747,734,746,767,736,648,686,670,674,703,653,684,580,631,582,630,628,608,622,548,698,621,695,733,568,650,701,785,626,654,671,563,608,726,724,732,691,643,720,756,756,765,702,768,712,855,812,782,687,686,8124,9001,10.8%,0.31,0.03
NSW,Theft,Motor vehicle theft,"7,988,241","7,988,241",3858,3694,4134,3583,3835,3644,3813,3939,4067,4318,4197,3939,4053,3949,4266,3522,3969,3755,3786,4353,4249,4663,4420,4164,4252,4252,4872,4268,4674,4338,4420,4708,4933,5244,4925,4659,4519,4391,4908,4661,4945,4467,4371,4641,4273,4489,4261,3803,3945,3827,3934,3781,3979,3674,4037,3951,4246,4433,4249,4239,4171,4092,4364,4262,4380,4381,4685,4357,4299,4646,4697,4173,4601,4451,5041,4375,4828,4359,4858,4660,4013,4104,4441,4024,3835,3696,4295,3790,3618,3332,3502,3276,3139,3219,3100,3072,2897,2768,3241,2823,3158,2941,3016,2797,2710,2877,2720,2796,2890,2910,3210,2829,2727,2453,2508,2706,2641,2669,2757,2695,2647,2346,2630,2515,2560,2372,2440,2209,2248,2337,2363,2280,2528,2275,2500,2415,2617,2389,2348,2264,2186,2289,2225,2122,2084,2088,2620,2252,2260,2315,2233,2109,2117,2271,2197,2070,2079,2094,2196,2014,2187,2160,1963,2027,1837,2063,2082,1739,1841,1790,1875,1863,1927,1908,1827,1921,1948,1824,1730,1877,1843,1642,1915,1656,1838,1790,1694,1612,1568,1581,1572,1574,1689,1628,1722,1618,1822,1591,1437,1452,1630,1597,1706,1701,1655,1594,1759,1643,1513,1355,1477,1346,1423,1598,1491,1434,1430,1261,1422,1278,1317,1484,1308,1359,1295,1217,1294,1288,1326,1181,1269,1169,1191,1153,1103,1214,1239,1363,1334,1353,1369,1146,1326,1224,1225,1194,1121,1079,1011,1128,1173,1125,1262,1147,1093,1033,986,1051,1052,1069,1026,1174,1134,1088,1260,1067,1210,1174,1159,1000,1051,1014,988,1123,1096,1070,1139,1042,1155,1163,1146,970,987,1012,1015,1137,1179,1136,1225,1104,1187,1127,1131,1041,1073,1117,1094,1094,1113,1131,1146,1091,1216,13261,13374,0.9%,0.08,0.57
NSW,Theft,Steal from motor vehicle,"7,988,241","7,988,241",4457,4489,4473,3957,3873,4296,4420,4839,5079,5508,5313,5194,5413,4870,5135,4672,5182,5214,5545,5402,5354,6143,5421,5368,5693,5041,5837,5434,6011,5555,5930,5914,6238,6784,6376,6253,6514,5580,6536,6169,6337,6376,6617,6996,6400,5986,6068,5861,6105,5557,6074,6038,6281,6069,6663,7143,6753,7138,7231,6790,7667,6760,7804,7341,7729,7460,8308,7947,7242,8214,7745,7061,7552,6407,7372,6922,7891,7641,8636,8447,7640,8012,7372,6743,6787,6294,6924,6755,6621,6232,6828,6422,6191,6371,5773,5338,5652,5249,6038,5597,5941,5587,5753,5307,5156,5184,4861,5060,5378,4916,5460,5098,4656,4501,4787,4976,4770,4997,5442,4782,4524,4443,5301,4599,4650,4424,4557,4336,4415,4408,4613,4254,4786,4289,4907,4797,5433,5238,5351,4620,4762,4824,4613,4576,5263,4843,4982,4860,5209,5316,5455,5225,5315,5448,5333,4843,5046,4855,5369,4889,5112,5676,5070,4644,4603,4554,4362,3641,3952,3537,4026,4002,4137,4259,3929,3683,3748,4161,3749,3844,4093,3629,4023,3488,3813,3737,3500,3911,3489,3793,3612,3671,4122,3624,4129,3924,4154,4000,3910,3843,3860,4414,4014,4209,4181,3877,4435,4084,4053,3563,3512,3673,3767,4277,3909,3786,3903,3493,3759,3814,3706,3986,3814,3692,3813,3741,3583,3487,3585,3231,3678,3229,3671,3710,3422,3444,3746,4003,3512,3503,3330,3149,3465,3757,3606,3348,3221,3125,3209,3165,3277,3309,3263,3222,3575,3602,3425,3457,3418,3311,3344,3374,3360,3127,3353,2952,3646,3601,3422,3180,2899,3047,3121,3572,3232,3054,3417,3232,3319,3211,3344,2898,2902,2946,2887,3419,3366,3181,3134,3107,3285,3360,3334,3197,3140,3241,3212,3286,3008,2883,2966,2987,3041,37680,37655,-0.1%,-0.10,0.49
NSW,Theft,Steal from retail store,"7,988,241","7,988,241",1661,1715,1901,1737,2086,1936,1964,1935,1991,1974,2035,2037,1839,1794,1860,1696,2089,2026,1914,1969,1684,1978,1898,1882,1873,1655,1812,1820,1999,1802,1882,1865,1669,1723,1633,1784,1625,1626,1808,1630,1785,1797,1881,1818,1823,1758,1679,1868,1835,1784,1883,1797,1902,1743,1676,1830,1747,1567,1669,1641,1519,1649,1698,1500,1884,1883,1895,1905,1685,1884,1948,1816,1919,1665,1671,1605,1931,1767,1760,1814,1627,1709,1593,1763,1732,1548,1706,1720,1933,1791,2138,2138,2012,2037,1887,1932,1810,1761,2033,1975,2195,2089,1943,1838,1757,1770,1620,1657,1429,1550,1631,1571,1675,1536,1575,1597,1456,1528,1545,1676,1436,1421,1591,1589,1658,1608,1695,1533,1500,1418,1555,1408,1437,1412,1590,1395,1621,1619,1466,1519,1412,1477,1499,1635,1403,1410,1772,1440,1740,1579,1570,1547,1389,1461,1481,1551,1474,1473,1527,1797,1837,1788,1628,1630,1711,1700,1740,1627,1561,1623,1744,1729,1856,1711,1800,1800,1671,1642,1656,1835,1609,1584,1910,1558,1772,1846,1766,1622,1675,1671,1569,1919,1703,1618,1805,1730,1960,1874,1729,1634,1744,1529,1559,1912,1701,1767,2000,1779,2015,1856,1755,1686,1749,1844,1873,1994,1761,1845,1992,1784,2006,1872,1943,1825,1681,1672,1633,1832,1763,1602,1748,1533,1794,1721,1837,1687,1670,1687,1717,1829,1640,1675,1964,1816,1955,1913,1850,1735,1904,1743,1790,2092,1925,1907,1873,1923,1992,2093,1993,1934,1921,1778,1981,2224,1908,1875,2170,2000,2250,2105,2042,2088,1941,2045,2022,2112,2083,1955,1986,1956,2199,2011,2093,2006,2153,2131,2101,2181,2254,1954,2364,2230,2380,2283,2468,2323,2212,2233,2089,2254,2131,2037,1851,25403,26491,4.3%,0.15,0.30
NSW,Theft,Steal from dwelling,"7,988,241","7,988,241",2298,1961,2060,1845,2028,1952,2094,2196,2114,2348,2110,2208,2504,2263,2238,2160,2312,2273,2336,2241,2413,2627,2339,2518,2588,2206,2391,2271,2273,2219,2257,2300,2271,2444,2462,2656,2788,2451,2556,2575,2550,2437,2468,2528,2536,2650,2494,2603,2648,2263,2567,2380,2457,2244,2395,2523,2596,2548,2676,2691,3029,2696,2619,2513,2450,2388,2656,2510,2694,2733,2710,2811,3083,2549,2533,2282,2381,2591,2541,2549,2484,2814,2517,2802,2787,2263,2534,2468,2388,2289,2493,2488,2581,2641,2518,2610,2678,2260,2364,2237,2289,2274,2447,2297,2542,2463,2427,2550,2605,2248,2207,2226,2051,1853,1941,2109,2009,2141,2187,2186,2370,1993,2014,2084,2022,1830,1934,1897,1990,2221,2025,2092,2286,1931,1924,1808,1754,1767,1966,1863,1875,2161,2106,2214,2236,1846,1944,1896,1816,1723,1746,1637,1772,1909,1797,1991,2051,1582,1791,1629,1777,1651,1691,1706,1805,1971,1861,1856,1935,1617,1784,1799,1546,1566,1585,1732,1819,1877,1989,2063,2101,1657,1855,1729,1715,1516,1625,1576,1661,1800,1760,1910,1962,1616,1821,1669,1701,1552,1567,1667,1778,1816,1840,1885,2109,1875,1812,1760,1786,1574,1734,1713,1620,1952,1936,2013,2163,1682,1725,1692,1735,1670,1753,1848,1800,1811,1837,1928,2139,1797,1847,1637,1830,1742,1876,1673,1947,1931,2035,1940,2055,1826,1987,1742,1751,1616,1681,1637,1637,1807,1824,1907,1846,1693,1847,1680,1729,1652,1666,1846,1771,1893,1872,1855,1929,1615,1696,1557,1608,1509,1468,1508,1563,1635,1704,1765,1870,1519,1656,1622,1680,1403,1554,1508,1487,1631,1657,1648,1777,1496,1494,1565,1611,1399,1504,1541,1579,1633,1548,1634,1792,1479,1556,18957,18841,-0.6%,0.02,0.88
NSW,Theft,Steal from person,"7,988,241","7,988,241",826,715,765,740,860,817,739,793,782,918,920,876,808,772,901,907,830,790,713,646,747,852,932,940,958,896,977,818,875,824,861,749,832,897,921,1178,975,1020,1110,1160,893,819,818,851,875,873,962,1095,995,985,1097,956,971,825,866,938,917,925,905,1053,1163,923,1135,1047,1051,868,1003,928,1316,1207,940,1181,1394,1129,1167,1190,1174,1026,995,1590,1675,1578,1649,1863,1940,1596,1740,1540,1619,1461,1535,1658,1492,1721,1704,1729,1779,1566,1783,1630,1648,1471,1423,1372,1400,1416,1534,1476,1549,1290,1376,1247,1145,984,1104,1014,977,1096,1102,1203,1249,930,1118,933,957,997,954,975,1017,1111,1013,1107,1132,860,1111,1033,952,983,954,884,876,927,916,1051,1123,916,1116,1021,1069,1000,893,896,829,968,941,884,845,914,1046,909,855,863,829,801,813,828,824,815,892,1017,1096,726,733,756,701,755,715,777,821,879,875,744,798,735,837,672,610,650,615,731,676,808,834,673,792,694,719,692,622,609,664,678,685,825,803,601,770,770,648,623,639,627,642,658,636,690,654,621,695,630,579,604,589,540,534,563,585,584,623,462,605,554,476,455,437,445,479,527,553,527,587,482,532,495,437,435,408,439,422,483,499,502,504,433,482,403,390,388,366,378,388,360,394,477,431,336,394,417,396,370,380,339,354,403,327,409,419,346,397,365,365,331,277,264,315,335,339,360,380,303,354,335,333,309,317,304,277,276,299,329,279,273,243,3988,3574,-10.4%,-0.43,0.00
NSW,Theft,Stock theft,"7,988,241","7,988,241",74,60,83,57,78,80,86,73,73,69,82,72,64,64,79,58,75,62,60,74,64,66,64,69,66,55,71,74,61,52,73,68,54,76,53,52,51,53,62,51,61,79,76,66,68,82,63,55,59,69,77,77,80,52,67,70,60,59,69,40,57,61,51,60,66,82,83,56,50,69,55,48,71,70,72,77,110,72,59,104,88,74,57,71,84,64,83,65,58,67,54,68,78,77,68,65,65,70,90,72,95,96,73,68,78,71,74,76,76,56,88,102,75,52,65,64,59,63,70,58,63,54,48,50,45,59,43,63,55,53,59,42,43,53,56,49,43,56,38,50,57,48,36,48,58,38,48,37,56,40,55,44,48,47,38,46,34,56,43,58,52,37,52,45,40,45,42,51,52,45,36,44,43,41,32,49,55,49,39,27,39,34,50,51,44,39,50,57,42,52,42,44,46,56,87,57,78,59,61,59,52,57,42,52,66,43,45,45,52,33,58,49,46,52,44,29,40,37,27,49,34,34,44,52,35,41,32,38,43,39,41,40,39,38,44,34,49,50,42,47,41,46,32,29,50,40,40,37,41,49,32,43,41,54,63,39,41,36,33,43,31,42,53,44,35,33,54,25,60,39,34,37,27,44,46,33,34,35,32,32,37,36,40,37,38,36,33,36,54,31,44,22,35,41,38,32,38,34,31,29,20,31,32,454,383,-15.6%,-0.32,0.03
NSW,Theft,Fraud,"7,988,241","7,988,241",1256,1229,1637,1541,1329,1322,1408,1651,1536,1919,1654,1586,1967,1643,1815,1548,2055,1929,1868,2005,1897,2079,1767,1709,1674,2011,2027,2182,1959,2039,2017,2156,2270,1916,2121,2321,2324,2066,2286,2321,2231,2438,2141,2253,2409,2616,1894,1952,2161,2294,2581,2429,2122,2270,2296,2385,2493,2264,2181,1842,1978,2494,2473,2094,2312,2381,2422,2189,2120,2503,2709,2304,2832,2411,2618,2611,2966,2692,2831,2994,2891,3096,3031,2710,3192,2955,2738,3175,3373,2993,3125,2875,2759,2619,3199,2546,2953,2573,2762,2695,2754,2530,2813,2430,2487,2356,2356,2357,2471,2362,2719,2491,2723,2766,2541,3164,2758,2779,3060,2774,2874,2681,2646,2636,3011,2823,3044,2930,3312,2987,2670,2435,2837,2687,2997,2780,3408,3189,3106,3195,2793,2729,2821,2333,2935,2260,2824,2558,2879,2686,2657,2838,2730,2927,3142,2940,3383,3038,3142,3463,3633,3482,3404,3315,3384,3469,2795,2771,3166,3144,3183,2782,2951,2909,2848,2847,2813,2816,2942,3150,3136,3006,3435,2924,3322,3429,3062,2906,2991,2760,2837,2687,3166,2928,3414,2995,3510,3170,2932,3189,3083,2811,3012,3134,3501,3357,3462,3244,3835,3599,3552,3494,3806,4106,4132,3593,4488,3923,4358,4089,4421,4490,4476,4287,3514,3896,4512,3875,4451,3954,4588,4089,4317,4048,3890,4029,3815,3837,4078,4060,4931,4159,4430,4206,4592,4482,4039,4134,3977,4307,4429,4389,4202,4314,4295,4839,4714,4378,4130,4046,4056,3877,4287,3785,3950,3903,4422,3847,4466,4111,3895,4214,3922,4466,4546,4079,4589,3998,3990,4107,4933,4346,4320,4351,4244,4646,4457,4079,4258,3978,4449,4071,4607,3866,4371,4816,5166,4682,4290,4115,4288,4076,4020,52168,52368,0.4%,-0.12,0.43
NSW,Theft,Other theft,"7,988,241","7,988,241",3935,3561,3966,3451,3821,3581,3684,3961,3788,4247,3932,4015,4377,4204,4459,4277,4330,4061,4376,4236,4296,4509,4537,4485,4727,4394,4829,4415,4338,3935,4136,4347,4461,4786,4871,4846,5222,4897,5427,4781,4980,4563,4552,4590,4643,4987,4771,4893,5171,4778,5455,4758,5277,5273,5494,5643,5785,5742,5936,5934,6468,6322,6423,5705,6090,5822,6004,5991,6316,6704,6161,6162,7010,6136,6491,6207,6298,5965,5894,5580,5016,5494,5308,5104,5900,5038,5524,5254,5052,4664,4783,4788,4735,4861,4856,4443,4790,4472,5144,4472,4411,4468,4554,4473,4562,4352,4311,4368,4611,4179,4554,3884,3933,3562,3671,3900,3638,3741,3989,3808,4080,3581,3917,3778,3744,3606,3444,3371,3440,3529,3506,3767,3851,3650,3639,3429,3569,3276,3470,3420,3287,3632,3588,3335,3739,3316,3632,3512,3587,3098,2859,3049,3065,3497,3383,3221,3491,3253,3374,3134,3135,3037,3077,2905,3080,3265,2892,2988,3386,2898,3204,2881,2722,2751,2676,2687,2806,2946,3074,2946,3256,2778,3157,2838,2838,2739,2693,2745,2800,2750,3037,3194,3367,2998,3382,2871,3061,2792,2636,2890,2814,3022,2846,3092,3315,2923,3115,2891,2998,2626,2730,2795,2770,2883,2966,2928,3311,2728,3039,2799,2859,2535,2668,2642,2903,2912,2838,2859,3116,2564,2802,2591,2773,2570,2553,2476,2641,2762,2743,2699,2783,2412,2818,2418,2491,2331,2278,2307,2302,2502,2504,2631,2534,2673,2682,2604,2575,2294,2275,2381,2230,2364,2518,2519,2704,2231,2393,2119,2255,2100,2072,2157,2147,2482,2386,2426,2627,2277,2279,2243,2182,1931,2127,2143,2253,2274,2333,2373,2472,2168,2459,2300,2290,1982,2157,2250,2278,2316,2316,2340,2463,2094,2098,26958,26884,-0.3%,0.17,0.24
NSW,Arson,,"7,988,241","7,988,241",268,198,209,252,231,229,280,305,273,329,269,333,316,345,323,319,333,386,378,464,407,440,409,356,394,386,424,357,350,361,386,383,381,481,443,436,370,385,417,329,389,389,440,426,343,474,375,368,394,344,390,385,455,401,416,471,451,441,422,400,511,423,384,440,463,487,585,592,652,614,520,509,600,452,535,529,592,665,739,685,627,780,626,601,672,432,529,515,505,493,647,614,644,698,597,500,510,391,445,397,432,439,508,424,551,465,500,398,503,484,528,457,568,520,577,567,566,488,486,488,573,455,526,504,525,482,554,561,517,616,590,627,559,520,552,620,667,561,701,744,696,830,698,651,713,548,546,562,541,514,644,598,622,711,542,577,608,515,626,592,632,618,675,609,633,610,630,553,740,569,528,539,591,524,539,646,650,645,642,634,602,433,488,495,493,465,472,503,509,490,427,492,533,494,480,488,481,486,482,486,571,504,536,590,607,441,548,587,624,500,523,665,740,664,580,579,757,383,523,481,558,542,568,692,717,725,443,475,571,417,457,401,422,398,493,509,494,481,536,456,426,349,472,342,351,376,394,493,461,516,404,453,452,410,454,480,472,376,475,447,425,530,522,562,539,456,405,446,409,425,494,522,677,631,448,447,562,397,463,395,424,365,508,552,500,426,390,381,430,355,398,396,369,381,431,515,490,450,502,479,310,263,336,5124,4922,-3.9%,-0.11,0.44
NSW,Malicious damage to property,,"7,988,241","7,988,241",6183,5352,5755,5531,5742,5611,6228,5794,6163,6869,6062,6477,6497,5788,6432,5941,6004,6373,6845,7021,6701,7342,6821,6951,6885,5664,6185,6138,6063,6105,6471,6895,7017,7636,7335,7206,6992,5982,7049,6771,6775,7279,7845,8359,7976,8197,8425,7859,7716,6919,7696,7252,7726,7168,7407,8173,7911,8479,8150,7477,8425,7473,7606,6940,7560,7196,8264,7961,7925,9126,8099,7819,7926,7261,7648,7509,7568,8227,8688,8259,8547,8944,8179,7853,7946,6732,7429,7516,6987,7315,8070,8136,8572,8932,8239,7681,7974,7145,8021,7368,7434,7775,7913,7703,8324,8350,8350,8237,8105,7340,7826,7254,7372,7379,7858,8583,8317,8507,8262,7950,8637,7873,8789,8492,7835,7852,8789,8478,8731,9440,8800,9414,9142,8091,8630,8557,8543,8340,9346,9196,9312,10503,9456,9615,9865,8340,8901,8869,8565,7867,8949,8573,9203,9909,9103,9076,9281,8136,8997,8670,9160,8934,9084,9106,9356,9942,9558,9210,9391,7739,8730,8155,8044,8041,8023,8805,8700,9180,8379,8426,8684,6970,7711,7280,6981,7024,7610,7798,7829,8277,7724,7667,8111,6741,7345,7022,6868,6859,7210,7233,7434,7739,7022,7551,7948,6456,6956,6779,6390,6357,6922,6949,7007,7173,7012,6812,6999,5835,6559,6575,6649,6270,6264,6370,6363,6112,5978,6280,6501,5383,6010,5481,5468,5384,5654,5344,5691,5791,5765,5728,5965,5114,5379,5027,5094,4960,5162,5330,5256,5553,5516,5684,5705,5192,5564,5027,4985,4580,5065,4937,5317,5512,5265,5675,5732,4928,5293,5022,4922,4721,4775,4636,5040,5440,5215,5467,5648,4647,4944,4713,4602,4504,4643,4792,4824,5197,4968,5118,5428,4422,4952,4594,4345,4403,4541,4670,4687,4984,5052,5085,4894,4278,4527,58163,56060,-3.6%,-0.01,0.92
NSW,Drug offences,Possession and/or use of cocaine,"7,988,241","7,988,241",8,9,13,16,16,6,21,14,7,10,9,11,12,5,7,10,15,10,7,8,9,13,11,12,25,9,10,10,19,10,9,22,10,10,10,15,20,16,21,12,17,27,23,23,25,38,34,25,21,15,21,33,15,8,17,15,21,14,11,12,23,11,21,10,11,20,14,20,18,21,21,19,26,36,65,46,35,39,36,44,36,52,25,33,43,34,20,22,22,7,12,11,6,11,4,21,12,6,15,11,11,12,6,3,9,12,8,12,15,8,13,15,18,16,8,21,9,21,15,26,24,24,25,13,27,19,21,15,9,13,18,15,17,17,15,19,21,19,31,30,28,27,33,27,28,29,31,17,17,20,20,25,18,17,26,28,29,35,38,45,43,43,31,30,27,31,32,29,46,46,32,36,47,44,51,52,63,59,50,59,70,48,39,52,53,53,43,37,26,47,35,46,48,29,37,45,32,30,36,36,61,44,25,40,47,36,49,48,38,39,42,59,54,56,50,88,58,69,63,58,49,38,54,59,68,45,57,78,68,48,58,77,63,66,66,82,71,94,123,110,77,88,101,119,107,77,101,105,93,122,137,127,108,65,78,81,110,83,120,96,127,110,166,183,142,111,120,152,134,140,154,167,168,171,204,245,218,159,214,138,203,189,160,233,224,156,220,250,190,170,169,197,186,206,199,222,232,208,212,304,236,185,106,2302,2493,8.3%,0.18,0.21
NSW,Drug offences,Possession and/or use of narcotics,"7,988,241","7,988,241",109,84,139,102,110,115,108,107,103,119,107,98,112,121,133,121,129,123,167,153,146,122,102,117,142,128,130,120,128,136,180,178,211,168,200,182,238,213,229,218,241,247,247,267,253,254,298,319,307,293,354,254,262,221,249,268,243,194,185,193,262,222,207,193,267,178,198,194,151,201,196,220,190,130,88,95,112,92,81,75,39,70,66,64,71,73,67,72,76,72,84,88,86,105,64,94,91,75,60,59,75,73,55,83,74,86,85,86,74,89,76,99,97,72,69,61,82,67,65,48,83,80,81,69,71,62,83,65,71,57,56,36,41,47,57,35,60,47,35,45,36,47,47,54,47,58,57,51,71,44,45,65,58,58,83,61,72,45,68,69,45,48,61,40,51,48,72,78,71,76,83,91,66,83,72,68,69,72,68,76,57,52,70,63,68,65,56,70,72,65,55,80,71,57,64,71,62,76,70,70,65,58,40,57,69,75,54,77,72,74,72,61,69,66,58,69,71,46,53,54,60,55,62,71,53,77,61,54,59,68,54,71,75,74,68,59,84,71,59,56,65,69,73,79,76,82,69,71,71,72,67,63,71,77,54,76,74,87,87,68,81,80,85,81,57,88,94,58,101,69,90,67,80,82,71,86,94,83,93,80,96,84,76,88,93,95,76,88,87,68,109,95,82,76,131,125,112,113,116,117,100,119,106,1040,1292,24.2%,0.41,0.00
NSW,Drug offences,Possession and/or use of cannabis,"7,988,241","7,988,241",662,737,948,921,849,838,709,704,669,649,709,725,815,955,1067,947,1001,827,729,727,640,683,650,734,909,814,1010,906,1044,865,797,835,815,816,797,908,1009,862,999,872,1052,1105,1002,892,873,863,918,862,969,978,1111,1113,1200,1033,900,849,921,816,834,797,974,913,963,971,1026,1013,856,932,782,883,909,905,924,1124,1300,1085,1594,1456,1144,1349,1333,1231,974,1039,1104,858,986,916,1213,969,837,1089,941,874,893,935,1066,822,988,951,1004,975,1006,967,888,895,836,925,1170,837,1109,984,1006,1076,861,876,938,893,882,967,1024,780,827,875,1063,903,937,915,863,899,770,777,881,754,851,872,1063,925,977,972,886,764,752,850,817,725,928,904,1085,877,850,942,743,840,875,911,955,952,1038,931,1198,1071,939,1080,1040,1012,1003,1044,1089,1044,1110,1207,1229,1151,1214,1077,1024,1061,1097,1094,1042,1007,1153,1410,1326,1148,1179,1246,1153,1190,1193,1137,1379,1333,1339,1488,1358,1324,1291,1297,1252,1194,977,1289,1153,1204,1196,1404,1499,1264,1522,1321,1255,1239,1409,1420,1285,1133,1425,1122,1360,1251,1428,1363,1159,1273,1323,1414,1507,1413,1381,1703,1650,1544,1579,1502,1404,1632,1355,1446,1428,1500,1498,1743,1697,1520,1821,1688,1533,1699,1609,1706,1537,1525,1675,1661,1589,1558,1569,1567,1499,1558,1450,1661,1596,1287,1415,1633,1642,1512,1543,1429,1461,1439,1692,1492,1442,1261,1584,1520,1513,1425,1356,1532,1335,1229,1466,1592,1476,1310,1461,1505,1588,1491,1566,1514,1444,1510,1370,1479,1425,1322,1298,17215,17512,1.7%,-0.15,0.31
NSW,Drug offences,Possession and/or use of amphetamines,"7,988,241","7,988,241",51,86,80,61,57,92,70,70,69,63,43,55,66,45,69,56,51,59,50,44,36,65,36,42,62,63,84,66,73,65,63,76,73,71,68,84,102,68,84,59,110,107,132,107,85,118,113,112,127,113,131,133,134,137,140,157,152,155,131,155,178,128,177,140,149,161,169,145,117,136,154,166,173,160,216,154,199,200,178,210,189,164,172,162,162,115,143,106,157,134,137,145,121,129,115,160,177,124,147,157,154,155,173,164,164,153,145,151,178,163,166,146,166,149,152,152,150,152,174,182,184,132,139,136,177,160,165,176,151,157,163,172,138,132,185,189,171,163,197,203,182,201,178,173,191,199,262,195,215,179,203,219,164,152,178,190,198,181,185,223,222,185,210,198,186,171,173,198,182,145,144,148,147,163,140,129,165,156,120,167,188,161,220,155,208,176,175,171,210,208,178,209,227,216,228,245,223,207,244,250,262,207,217,278,305,252,286,297,277,318,343,286,359,344,331,342,357,280,341,289,309,316,357,347,329,300,357,376,404,358,390,457,453,386,523,474,432,516,474,477,577,467,562,553,596,596,660,616,557,567,568,612,644,573,620,636,611,646,636,703,583,621,577,626,554,481,549,514,550,538,569,544,535,511,544,610,602,562,604,608,622,579,581,680,562,544,601,655,703,561,602,632,709,717,659,764,638,721,684,690,743,655,621,7298,8233,12.8%,0.39,0.01
NSW,Drug offences,Possession and/or use of ecstasy,"7,988,241","7,988,241",3,6,4,2,2,1,5,4,3,9,5,6,3,5,7,5,5,3,4,2,7,7,4,10,3,2,4,9,12,8,9,6,4,9,7,6,11,11,4,6,7,14,13,11,10,13,10,18,10,8,17,20,17,18,20,20,16,18,11,22,37,13,16,26,25,25,28,26,19,24,30,49,40,46,31,39,45,54,37,26,47,26,17,37,40,32,35,35,45,42,36,41,26,42,47,37,51,21,34,27,39,41,34,37,50,22,36,47,72,50,52,42,46,42,32,47,25,52,40,51,107,48,45,52,43,59,71,81,71,47,37,61,78,72,32,57,39,65,69,59,95,70,60,82,83,62,122,64,63,66,59,73,67,68,81,104,97,83,158,97,103,142,74,165,126,94,137,163,176,215,142,110,117,151,229,113,210,147,153,65,202,124,148,81,136,95,30,51,96,142,116,55,135,107,154,136,39,36,47,37,95,102,78,82,138,45,221,112,86,88,161,88,229,73,184,180,273,122,275,167,71,85,107,57,196,76,214,183,293,74,266,137,63,77,144,100,200,138,365,109,266,304,117,117,137,90,206,116,157,252,255,166,408,198,163,212,118,145,299,117,179,268,255,248,469,173,257,161,186,122,274,107,268,106,226,329,513,276,230,263,139,135,197,132,299,76,277,324,500,231,268,300,142,161,179,112,96,235,196,166,387,275,206,2841,2455,-13.6%,0.05,0.73
NSW,Drug offences,Possession and/or use of other drugs,"7,988,241","7,988,241",25,23,23,27,36,15,22,22,24,22,17,18,29,31,33,25,22,29,22,43,36,29,42,39,37,32,26,23,47,36,41,27,30,27,37,42,66,51,45,49,46,35,42,27,32,30,40,41,51,50,47,32,49,34,29,34,29,37,26,37,47,57,39,30,43,29,30,41,22,41,42,37,56,44,52,33,56,53,31,42,37,27,43,35,52,40,28,31,41,35,33,62,34,46,52,41,71,49,50,38,41,42,48,68,60,46,70,80,67,62,87,64,74,60,79,70,74,93,81,99,83,69,77,86,91,90,79,77,73,68,69,87,75,74,94,83,94,83,98,88,110,88,82,114,94,99,124,99,113,93,71,98,91,109,123,119,94,130,133,143,144,140,130,94,132,148,140,137,131,120,176,142,145,163,184,149,159,164,144,160,184,179,211,175,208,197,149,178,200,180,183,201,238,251,262,217,233,234,219,234,228,204,152,217,250,236,293,264,267,232,268,250,253,297,309,316,309,294,330,277,300,285,285,293,276,304,307,286,320,305,365,299,307,239,270,268,252,267,246,257,298,322,330,291,353,331,354,267,306,350,314,325,300,375,297,338,340,360,367,382,363,389,376,332,352,318,362,363,338,297,352,353,377,332,412,410,373,405,432,410,367,371,389,472,465,376,547,447,467,452,495,396,503,473,464,461,524,468,523,532,526,454,502,5258,5826,10.8%,0.44,0.00
NSW,Drug offences,"Dealing, trafficking in cocaine","7,988,241","7,988,241",3,6,6,5,13,5,14,7,1,6,5,4,7,2,6,11,13,3,7,5,36,7,7,4,11,30,12,10,3,16,16,4,1,1,3,9,8,10,4,5,11,6,14,10,32,16,9,9,12,46,12,8,16,18,6,15,31,9,7,29,9,6,13,4,3,3,11,23,9,10,5,4,4,12,34,19,29,26,21,23,33,42,13,12,30,8,6,14,22,3,2,14,1,6,2,7,4,3,3,5,6,3,0,4,4,3,4,2,5,2,2,1,7,15,8,5,9,16,11,7,11,15,16,6,19,4,8,7,9,1,6,1,12,3,6,20,6,22,21,14,21,11,9,4,11,13,2,10,27,3,4,26,0,4,8,9,20,10,14,12,9,14,16,9,10,15,14,11,7,20,2,22,7,8,7,22,13,76,12,17,15,17,35,23,15,19,11,11,5,12,15,25,7,9,9,8,12,5,6,37,31,10,11,9,7,13,40,8,17,19,20,14,17,18,20,13,11,17,15,13,13,7,16,10,32,40,10,35,24,40,20,20,20,57,22,19,26,22,31,15,17,23,39,18,50,11,37,41,22,61,34,37,40,25,37,25,36,44,21,38,45,58,54,33,48,36,48,32,55,70,135,35,57,55,128,88,40,33,47,47,82,71,65,86,106,42,67,92,48,67,53,66,91,49,88,68,118,85,103,172,101,87,109,826,1137,37.7%,0.37,0.01
NSW,Drug offences,"Dealing, trafficking in narcotics","7,988,241","7,988,241",21,42,90,37,61,76,81,64,77,62,64,60,58,48,63,56,89,51,61,42,43,54,39,44,39,67,54,53,56,75,66,67,67,42,73,58,47,33,72,41,30,66,51,79,85,76,99,93,57,84,99,92,102,115,52,67,78,48,42,36,84,45,55,41,126,76,77,109,52,42,80,83,38,62,42,31,71,32,24,42,36,40,30,29,31,37,47,37,52,54,74,45,19,71,23,46,63,59,40,23,55,33,65,58,51,25,46,35,42,41,27,37,40,52,96,47,47,31,41,13,32,58,48,27,24,26,32,32,30,28,26,18,20,17,21,19,12,32,17,16,26,30,65,21,19,11,28,11,27,8,3,18,8,4,29,19,11,23,66,25,15,11,19,29,10,31,21,23,26,29,26,52,53,37,16,26,18,15,49,38,21,38,28,27,38,15,54,60,37,29,34,49,9,22,32,22,48,43,39,23,64,27,27,7,10,17,25,31,30,170,16,133,17,12,23,72,12,90,25,51,17,31,13,13,19,18,29,9,49,54,14,6,16,37,19,5,57,11,16,14,27,14,34,17,64,46,27,160,28,39,15,6,5,36,40,105,53,30,44,21,15,30,48,22,31,19,123,23,36,21,7,15,19,14,30,10,16,10,21,10,20,7,70,132,9,23,8,14,167,94,125,329,41,22,114,19,16,10,27,16,11,10,27,679,642,-5.4%,-0.03,0.86
NSW,Drug offences,"Dealing, trafficking in cannabis","7,988,241","7,988,241",59,121,162,172,113,122,77,90,75,85,66,87,198,109,133,109,133,103,116,75,68,66,63,72,72,64,99,85,92,100,82,117,100,72,62,94,92,72,72,100,91,145,100,92,108,67,96,65,76,56,128,106,91,101,92,80,78,63,64,57,67,78,63,69,67,104,80,77,71,67,76,70,80,82,114,76,116,80,81,104,68,86,78,83,71,40,94,52,79,66,62,55,38,70,63,48,55,61,66,55,65,47,62,50,68,52,47,53,43,59,77,63,74,75,48,49,44,47,43,72,31,38,46,66,65,64,79,65,26,47,49,47,24,52,41,39,54,54,43,65,27,33,36,53,39,31,33,38,47,35,36,40,32,41,47,37,33,36,49,62,54,46,49,41,44,58,31,50,42,25,41,44,32,44,49,42,52,50,42,43,46,39,64,78,52,94,48,79,55,44,46,53,52,55,81,54,95,123,57,68,80,56,49,66,45,58,72,37,45,210,50,63,99,87,60,47,42,66,67,71,133,56,65,116,95,63,110,107,95,71,56,49,79,84,55,88,151,48,58,71,64,59,54,61,64,69,44,56,46,104,57,57,49,76,87,63,72,71,58,65,49,86,174,48,59,38,66,48,56,172,55,44,64,53,43,39,55,38,163,61,124,47,125,64,45,52,50,162,85,93,230,62,88,101,65,204,125,53,104,46,46,52,49,1138,995,-12.6%,-0.06,0.67
NSW,Drug offences,"Dealing, trafficking in amphetamines","7,988,241","7,988,241",27,50,34,22,20,35,19,23,23,23,16,22,27,15,25,19,24,14,18,17,16,19,9,24,14,18,16,22,19,39,21,23,25,14,16,48,39,17,17,30,32,30,21,19,24,31,39,25,18,31,46,35,50,22,47,19,28,44,47,29,32,49,38,42,55,59,47,58,33,29,98,31,41,49,52,52,65,125,93,97,76,66,60,84,40,60,68,59,65,55,65,77,45,43,34,72,33,44,41,94,38,33,110,52,50,57,41,54,35,42,47,21,62,55,36,45,47,33,46,68,40,22,32,50,47,107,60,48,135,59,67,106,28,67,54,71,47,90,90,84,63,67,41,85,55,44,49,50,51,73,119,116,44,41,58,96,41,56,57,54,77,53,167,40,109,93,73,38,50,47,43,51,46,39,25,62,38,32,38,84,71,38,31,50,67,97,119,89,116,65,84,142,108,65,72,42,108,71,50,106,73,91,58,106,38,108,126,80,84,105,79,165,102,185,186,117,61,129,109,200,87,97,122,272,114,104,182,111,133,185,112,126,100,151,182,339,222,187,235,211,153,156,180,183,141,188,281,184,208,174,94,218,120,223,247,220,169,206,207,256,142,174,181,200,134,142,178,83,109,246,222,104,230,159,133,173,89,208,174,122,272,90,144,254,79,131,126,148,109,202,141,103,155,241,218,220,219,158,240,125,88,110,176,1818,2053,12.9%,0.08,0.59
NSW,Drug offences,"Dealing, trafficking in ecstasy","7,988,241","7,988,241",0,1,1,2,2,2,3,2,1,6,3,5,3,2,7,3,0,1,2,3,1,9,1,2,2,13,3,7,3,4,2,6,3,3,1,12,2,4,0,4,4,6,6,4,5,8,11,10,1,6,10,10,7,11,9,4,10,6,4,25,21,9,6,15,14,10,14,7,6,7,8,15,12,19,16,20,17,27,13,27,20,5,12,16,15,26,20,20,27,34,18,23,15,30,19,28,13,16,22,9,20,36,30,23,21,14,36,19,39,50,30,19,15,20,13,15,13,24,22,16,53,17,24,25,27,66,59,68,30,17,40,38,32,57,19,33,13,40,26,51,36,25,26,51,16,25,24,21,40,26,32,49,12,24,102,31,50,40,45,23,29,37,28,42,32,39,44,37,39,60,24,28,32,31,31,127,59,33,28,26,72,47,35,47,39,22,15,42,28,28,32,25,32,25,20,20,20,10,18,22,35,26,24,39,19,13,31,46,51,36,22,19,25,29,31,46,78,60,37,36,97,26,21,15,34,30,21,30,41,64,46,66,32,23,26,67,45,28,112,43,33,56,48,35,51,60,29,55,45,65,57,63,61,72,40,27,43,45,58,46,24,104,52,93,47,59,54,53,62,55,66,57,54,65,77,92,51,67,102,41,52,21,55,33,40,26,50,76,80,57,56,25,35,32,35,55,26,60,74,65,56,69,55,587,587,0.0%,0.23,0.11
NSW,Drug offences,"Dealing, trafficking in other drugs","7,988,241","7,988,241",6,9,8,4,13,12,5,5,7,8,4,2,8,6,10,7,8,7,5,12,11,8,4,12,6,7,6,4,13,7,7,5,5,4,7,6,13,8,9,8,9,9,1,1,12,6,12,9,11,8,7,7,5,4,0,4,7,2,8,3,8,10,3,5,4,6,11,7,2,4,8,3,5,7,5,3,4,10,14,6,5,2,4,3,6,8,5,3,6,9,5,4,5,5,6,8,5,3,6,5,7,6,11,4,8,5,5,3,6,6,11,9,4,5,6,7,8,9,7,4,11,5,7,4,4,13,6,7,13,4,8,5,2,5,13,7,6,4,7,9,5,7,8,9,3,9,4,3,8,6,6,9,7,13,4,21,15,9,11,6,5,12,8,4,13,14,10,3,12,9,6,14,17,6,18,10,12,17,23,12,15,16,27,17,17,15,17,29,17,15,13,38,22,20,19,15,17,19,14,44,25,23,15,16,17,19,40,17,21,15,14,21,16,12,23,26,22,12,30,29,26,30,14,23,21,32,18,9,30,23,28,27,27,30,28,26,17,17,25,17,10,26,29,15,33,39,37,31,24,25,24,31,21,29,18,20,21,26,33,27,14,24,23,31,21,19,18,28,23,43,42,25,27,23,30,32,33,19,39,25,78,37,27,69,28,19,38,51,37,109,26,29,42,50,28,57,39,62,77,39,64,30,48,544,565,3.9%,0.21,0.14
NSW,Drug offences,Cultivating cannabis,"7,988,241","7,988,241",343,349,339,236,136,130,116,176,181,227,270,317,430,431,412,231,171,116,138,120,135,195,211,226,373,394,321,241,159,129,118,124,166,182,207,268,332,304,295,177,136,134,101,108,125,147,180,255,277,297,265,146,90,84,66,80,124,108,213,192,253,242,192,133,103,68,59,86,66,138,134,194,228,231,190,104,104,57,62,88,83,98,143,198,186,195,228,145,75,53,57,78,100,116,132,160,255,226,221,144,88,62,77,58,58,88,128,149,212,252,223,114,77,65,53,62,53,105,122,133,147,181,202,96,76,75,36,54,67,80,109,127,120,147,155,92,60,34,38,53,51,84,85,113,144,142,174,72,88,55,38,44,43,70,106,118,142,160,186,104,65,81,37,53,66,82,114,112,141,160,147,84,38,51,70,46,70,88,109,186,151,195,168,137,62,60,49,46,93,60,202,113,149,170,263,101,69,77,44,68,59,89,98,124,149,144,209,89,71,52,47,47,51,71,136,155,154,142,202,119,59,35,58,52,65,91,121,129,152,260,185,110,69,51,61,48,62,89,110,185,148,161,230,119,69,66,58,55,54,44,134,112,154,194,140,82,73,47,63,79,61,72,132,100,106,114,145,78,73,78,55,75,50,76,142,120,117,173,122,98,90,52,69,65,61,67,122,116,132,231,151,127,73,53,60,45,47,90,109,98,145,117,125,1254,1089,-13.2%,0.13,0.37
NSW,Drug offences,Manufacture drug,"7,988,241","7,988,241",0,1,1,0,0,3,0,1,0,2,0,2,1,2,2,5,0,5,1,3,0,0,0,4,0,0,3,3,0,1,2,7,0,1,2,6,0,1,1,5,4,5,3,3,2,4,4,9,2,3,6,5,4,6,2,3,7,7,2,9,9,3,7,3,4,11,4,12,3,2,3,0,6,23,1,3,12,3,4,4,6,6,2,9,2,3,7,2,12,7,7,2,4,8,5,14,4,3,9,5,2,6,9,11,4,9,5,0,4,3,3,5,7,2,10,2,7,3,4,8,5,4,14,5,12,1,6,2,7,3,10,4,7,3,7,5,4,2,2,4,3,5,2,6,2,2,2,18,8,3,2,4,4,2,7,6,7,2,4,3,5,3,6,2,6,6,4,6,3,7,3,9,4,5,7,6,6,4,9,3,6,2,13,17,8,4,7,8,6,12,8,8,5,6,10,8,7,6,9,11,9,5,9,8,4,9,5,7,11,4,5,4,7,9,8,7,9,6,7,7,9,15,6,7,7,9,9,12,9,12,3,9,6,5,10,11,10,4,6,6,9,3,10,8,14,14,6,12,5,6,10,16,5,6,4,5,8,5,3,3,6,3,5,5,3,7,4,5,5,4,9,8,4,6,6,5,2,2,17,9,6,4,5,11,3,4,3,4,4,8,2,4,7,8,4,3,11,3,6,3,8,2,3,63,62,-1.6%,-0.20,0.19
NSW,Drug offences,Importing drugs,"7,988,241","7,988,241",1,0,1,2,1,0,0,3,0,2,0,1,0,2,1,0,0,0,2,2,2,0,0,1,1,1,3,1,3,3,7,2,11,4,5,2,1,4,2,5,1,3,0,1,0,5,3,2,0,3,1,4,5,6,3,0,1,0,2,8,0,2,7,4,2,2,0,0,2,1,4,3,1,3,4,2,3,0,3,5,1,2,2,4,1,2,4,6,3,1,1,4,6,1,4,5,4,3,3,4,10,2,3,2,5,3,2,6,5,1,3,11,4,6,1,5,3,3,1,7,1,9,4,1,6,1,5,2,3,2,1,5,5,1,3,1,3,1,2,2,1,5,1,2,1,2,1,2,2,0,0,3,1,1,1,4,1,2,3,5,2,2,2,0,5,0,2,2,0,3,2,0,0,2,0,4,8,3,3,1,3,10,4,5,4,2,5,1,0,1,0,2,5,4,5,1,7,3,3,3,2,3,4,25,10,2,2,8,13,7,4,6,1,7,9,7,8,8,3,8,6,13,6,9,4,5,5,6,3,3,3,3,9,1,3,7,4,2,2,2,3,2,5,2,2,3,4,1,0,4,2,9,5,2,4,1,11,7,4,4,4,2,9,11,5,6,1,1,12,7,19,7,5,4,8,2,10,5,2,9,4,5,16,4,4,1,4,8,6,7,2,7,11,18,16,19,20,24,36,18,18,16,16,70,219,212.9%,0.51,0.00
NSW,Drug offences,Other drug offences,"7,988,241","7,988,241",179,192,206,195,206,217,184,240,157,170,177,188,218,236,236,234,235,233,227,213,213,190,200,190,247,209,312,224,278,236,248,214,230,258,241,228,261,270,277,234,267,276,270,242,232,241,284,259,248,309,311,245,276,237,251,219,246,214,233,213,238,249,247,241,199,257,233,219,198,244,224,191,215,247,288,206,259,257,241,302,271,328,273,227,286,248,226,245,339,233,229,272,282,254,227,243,315,230,261,251,273,266,286,234,251,196,270,274,281,217,268,260,282,249,220,231,231,220,204,238,257,207,218,246,227,206,239,254,193,235,242,194,211,211,249,223,249,207,254,254,230,252,228,231,274,217,235,222,259,225,227,265,210,258,271,264,235,237,279,295,288,240,244,298,287,248,258,281,258,275,287,292,293,297,256,319,312,283,281,290,264,294,363,284,340,349,314,332,327,355,332,349,384,346,311,339,328,314,356,356,329,331,340,349,347,366,380,376,419,335,403,379,435,413,387,458,405,341,420,360,420,400,365,398,346,352,429,458,439,399,419,394,408,358,400,395,408,442,384,393,419,398,450,450,442,476,508,463,456,476,411,473,404,446,455,483,442,419,471,453,431,448,438,480,405,392,436,399,422,396,455,461,443,410,466,429,464,432,472,443,458,478,511,510,509,466,489,516,502,526,582,535,545,481,545,600,650,550,585,617,520,474,470,5990,6572,9.7%,0.40,0.01
NSW,Prohibited and regulated weapons offences,,"7,988,241","7,988,241",276,283,329,357,300,346,392,348,304,308,377,304,350,376,404,332,443,318,384,364,320,370,364,322,374,346,446,374,422,366,402,349,354,350,387,402,330,359,356,337,357,397,594,620,706,720,692,816,756,725,817,808,878,758,766,756,713,687,715,645,755,749,768,620,770,726,722,843,678,753,778,729,795,847,851,803,805,884,789,878,945,922,825,723,763,679,751,793,790,741,700,841,870,863,827,867,917,812,884,789,816,791,627,612,618,878,744,769,1048,1066,1033,859,890,885,543,636,617,655,679,738,731,674,606,612,604,631,598,690,634,753,652,753,615,603,733,684,634,677,638,747,652,752,659,735,735,685,808,716,705,698,623,763,616,624,716,690,711,732,736,700,780,755,711,695,703,776,722,743,745,705,811,675,665,701,639,636,599,628,586,771,634,624,709,655,654,718,572,644,571,684,685,664,724,689,756,605,651,653,637,680,677,602,492,646,737,647,621,707,709,662,701,679,645,739,730,709,717,635,694,623,793,671,907,892,870,952,1038,931,984,983,970,911,930,978,1059,1058,995,1051,932,996,966,885,905,883,993,953,1058,987,1061,1074,1070,1081,1110,1119,1035,1048,1092,1093,979,1012,1023,1152,1044,1070,1009,905,1048,944,1076,1044,1081,1034,1046,1185,1134,1121,1267,1025,1183,1067,1191,1182,1167,1295,1283,1289,1172,1161,1324,1273,1279,1168,1460,1264,1385,1654,1395,1380,1372,1289,1426,1248,1379,14683,16420,11.8%,0.39,0.01
NSW,Disorderly conduct,Trespass,"7,988,241","7,988,241",252,235,225,242,247,226,221,240,252,252,247,303,330,260,325,288,283,300,284,293,302,295,317,344,386,328,377,339,324,293,282,334,364,341,382,414,443,351,422,365,344,415,355,412,559,594,571,567,704,641,580,513,563,519,587,626,614,665,585,648,718,674,620,647,577,617,645,613,581,656,571,568,663,599,602,514,541,562,587,630,633,646,593,597,697,677,684,614,599,585,608,623,713,731,704,666,763,676,793,635,693,652,618,578,633,630,616,616,689,618,672,659,640,593,577,642,653,653,688,701,824,636,787,726,657,618,656,649,742,744,688,782,787,660,759,720,600,638,690,692,697,814,688,789,922,793,804,743,743,668,723,691,730,776,779,850,883,750,816,706,771,672,756,767,775,827,783,735,832,697,750,757,707,646,628,670,637,726,760,856,858,713,738,740,705,703,638,668,678,743,735,787,822,769,798,701,708,702,669,694,751,745,681,782,856,732,822,734,666,680,688,725,732,823,821,765,821,660,819,766,713,743,666,699,733,731,705,787,814,784,792,658,702,689,706,748,711,821,767,777,786,770,842,685,742,783,815,750,748,868,779,898,944,874,902,901,812,716,874,793,816,822,871,945,939,762,838,802,877,710,807,769,779,883,834,866,916,852,918,817,692,722,880,781,851,821,882,882,958,854,887,887,906,906,847,876,908,980,904,947,1003,909,889,10027,10962,9.3%,0.60,0.00
NSW,Disorderly conduct,Offensive conduct,"7,988,241","7,988,241",318,265,275,247,219,219,216,198,228,216,226,302,285,239,293,221,254,182,212,255,245,206,231,322,307,245,283,218,215,206,169,222,234,245,318,302,306,239,235,229,250,212,251,274,340,345,315,412,392,298,372,293,331,282,311,310,303,331,308,338,403,347,309,328,223,277,294,280,328,353,315,352,372,368,366,370,291,345,316,354,361,374,351,415,419,410,417,394,355,368,333,416,411,426,456,505,524,439,501,369,405,396,366,398,395,385,426,479,493,425,423,408,372,377,377,433,399,451,451,600,622,499,452,482,439,423,520,441,493,539,480,562,534,465,474,513,412,389,444,476,509,537,538,649,598,468,606,614,482,519,489,508,627,532,700,937,841,700,832,684,691,722,558,691,721,752,752,850,872,642,753,718,787,690,704,684,656,742,741,1073,962,686,740,800,799,684,688,707,760,856,647,1043,963,749,780,893,730,682,721,597,686,759,419,725,789,604,718,686,588,602,632,570,616,566,641,835,691,571,748,565,573,612,513,624,583,605,601,739,688,510,635,524,522,431,475,505,430,513,534,655,634,483,507,465,469,400,427,484,453,520,508,567,606,431,509,449,417,403,457,367,403,470,453,553,553,415,442,422,352,368,422,399,406,435,390,542,540,374,421,416,315,335,319,348,414,365,380,487,447,371,407,330,339,324,339,344,356,350,405,454,406,328,348,4604,4323,-6.1%,0.05,0.73
NSW,Disorderly conduct,Offensive language,"7,988,241","7,988,241",537,470,480,425,383,357,324,331,345,357,356,502,521,427,452,426,403,340,302,353,350,401,359,456,540,459,467,403,337,313,308,353,378,423,456,522,566,400,530,430,440,426,493,491,531,573,602,721,730,637,732,638,612,494,545,553,500,497,461,500,570,476,488,457,392,394,413,415,405,480,458,531,558,539,528,462,397,474,439,494,563,497,501,565,622,488,548,421,424,402,409,456,460,471,487,605,602,526,549,404,426,421,387,423,423,447,423,500,516,417,462,392,356,363,396,428,395,443,469,572,595,513,553,486,542,474,457,408,444,513,441,501,510,454,521,478,392,384,393,456,437,468,454,521,563,401,516,456,437,362,402,458,438,462,532,732,676,525,657,537,550,545,460,480,484,585,565,655,756,537,623,560,615,497,447,494,491,539,529,685,747,527,516,533,493,480,479,442,495,478,498,633,693,501,537,508,496,423,453,466,449,438,305,507,502,409,361,417,359,385,371,331,381,315,368,494,453,311,443,368,303,333,291,346,282,342,331,505,486,336,396,381,343,290,293,350,293,352,364,418,432,351,369,349,347,299,278,299,299,353,318,385,395,329,373,325,273,293,243,271,263,288,289,402,359,247,254,301,236,261,288,232,252,264,233,323,278,228,257,254,217,232,190,170,214,230,222,246,243,215,207,191,186,167,175,162,175,177,223,213,251,180,183,2640,2283,-13.5%,-0.27,0.06
NSW,Disorderly conduct,Criminal intent,"7,988,241","7,988,241",167,138,133,149,152,139,146,136,138,152,157,158,157,128,128,143,145,155,172,148,153,179,118,161,187,135,180,181,171,168,172,180,174,180,214,195,227,215,214,188,211,193,168,205,196,225,187,187,204,213,196,164,191,173,174,209,187,214,203,170,238,163,183,162,219,214,221,224,184,225,221,204,243,274,229,225,228,275,246,260,208,234,209,227,195,195,234,214,212,167,203,205,188,194,152,179,190,139,177,175,180,178,156,166,152,161,134,136,151,133,164,144,133,124,110,155,136,116,130,142,160,132,154,128,149,117,125,110,127,152,131,146,137,124,161,133,129,129,140,112,117,98,125,134,157,127,143,138,137,123,111,122,110,140,105,148,163,127,110,123,142,111,114,121,117,134,128,127,159,105,134,108,125,122,119,117,108,129,122,154,174,124,142,129,119,105,138,99,111,132,129,138,152,115,152,121,146,156,131,131,131,162,153,141,148,140,131,148,129,129,126,162,163,179,137,176,179,170,178,132,146,151,150,166,149,161,190,160,161,166,209,140,150,188,153,153,157,196,189,182,217,160,236,155,182,173,182,195,158,198,181,207,207,209,201,205,168,175,146,192,193,210,190,206,206,177,197,176,171,194,168,179,173,191,178,204,218,174,213,189,169,194,182,180,183,191,212,212,216,179,215,189,188,204,187,223,255,228,234,216,217,210,205,2322,2556,10.1%,0.43,0.00
NSW,Betting and gaming offences,,"7,988,241","7,988,241",3,3,6,8,4,7,5,2,3,4,2,5,5,5,7,11,10,15,11,12,10,11,12,18,28,3,6,7,3,6,4,5,4,4,3,2,1,6,0,3,5,1,1,1,5,3,1,1,1,1,2,1,0,3,1,1,1,1,1,0,0,2,3,0,0,2,1,0,0,1,0,1,1,1,1,0,0,0,1,1,6,4,7,3,0,3,2,12,2,1,4,7,3,6,21,14,3,6,40,22,31,5,6,14,8,8,11,14,8,4,5,7,13,33,28,50,11,13,16,23,8,11,6,18,10,9,19,13,7,9,2,22,14,9,27,42,42,49,9,44,21,14,88,36,19,26,51,23,22,34,31,39,19,13,31,21,14,37,44,20,30,38,11,39,6,30,21,21,33,21,34,13,20,34,20,33,33,34,8,62,18,12,9,8,4,5,33,30,27,42,13,30,5,2,10,10,15,17,7,13,7,5,15,23,14,12,13,25,7,5,7,9,9,2,2,20,9,5,7,11,5,10,8,7,5,10,6,7,9,7,11,6,11,19,7,2,9,16,4,14,8,4,5,19,2,2,2,4,6,4,4,5,47,38,30,5,2,6,25,10,2,6,5,12,18,5,2,9,2,3,4,4,2,5,5,21,4,1,7,13,21,2,12,6,10,4,7,30,44,11,24,13,7,12,10,3,3,4,6,9,9,4,4,184,84,-54.3%,-0.26,0.08
NSW,Liquor offences,,"7,988,241","7,988,241",67,72,99,101,87,68,58,81,109,99,109,127,86,92,133,155,114,198,131,129,155,128,146,182,177,142,229,131,168,134,170,225,238,154,262,272,248,242,264,268,308,364,287,385,342,394,393,401,361,333,391,405,574,461,454,416,513,479,394,549,418,573,528,522,533,537,519,436,469,742,709,822,521,643,681,682,534,579,574,641,694,615,761,870,784,893,1013,919,883,915,919,1059,1013,1291,1349,1502,1203,1214,1290,1117,1176,1026,1058,915,1051,906,1098,1263,1212,802,932,1039,826,972,888,960,921,1195,1144,1737,1299,989,1139,1249,929,1049,1091,938,929,1363,1115,1448,1203,1115,1261,1304,1049,933,1010,1344,1269,1293,1641,1945,1400,1164,1780,1538,1307,1473,1529,1337,1269,1233,1759,2287,1572,1425,1963,1272,1262,1212,1157,1326,1365,1627,1632,2239,1851,1410,1404,1406,1410,1269,1427,1272,1378,1653,1503,2257,2025,1267,1286,1459,1295,1208,1363,1071,1420,1481,1336,2229,1672,1160,1440,1713,1408,1262,1248,1248,1510,1243,780,1555,1219,1240,1155,1081,996,1299,1233,1106,1080,924,1297,1916,1320,1058,1261,1048,999,1002,905,1134,1265,1232,1531,1874,1315,915,1208,1311,985,1159,1000,1014,886,867,1097,1495,1333,827,853,936,883,907,975,861,822,915,943,1056,987,977,800,997,820,874,985,730,773,891,960,1207,1139,950,859,972,866,716,776,812,803,983,876,1386,976,897,1106,941,783,977,947,922,916,842,959,1280,940,864,1131,1035,1055,1073,962,888,779,788,995,1193,929,776,647,11502,11120,-3.3%,-0.09,0.52
NSW,Pornography offences,,"7,988,241","7,988,241",2,3,4,1,3,3,1,6,3,1,1,2,1,6,5,0,0,0,2,5,5,3,3,4,6,2,4,0,1,2,0,2,0,3,1,0,2,3,1,1,10,1,10,2,4,0,0,1,6,1,8,5,4,2,5,5,1,12,2,2,8,2,2,6,4,5,4,4,2,10,2,3,6,1,12,8,3,6,3,2,4,6,6,4,6,7,10,8,7,5,6,3,8,9,6,5,5,10,2,9,8,6,22,12,4,11,5,4,17,8,9,4,9,7,12,6,53,50,16,12,10,9,20,6,9,6,8,11,15,9,10,4,5,8,9,6,7,16,27,16,8,13,12,9,8,6,10,5,11,7,11,22,32,15,13,41,13,25,12,12,14,13,10,16,16,26,26,19,19,22,34,25,18,17,13,30,37,25,27,17,17,24,28,16,27,30,19,26,24,16,19,11,40,28,23,28,28,32,17,27,27,21,33,27,25,34,27,34,35,29,28,36,28,45,23,14,34,31,45,34,53,28,40,50,46,40,38,40,59,54,49,37,43,37,39,42,36,39,43,42,35,45,59,31,44,43,48,58,54,55,63,47,40,51,53,45,48,50,40,69,55,45,44,43,44,54,56,43,53,52,57,54,49,56,51,37,56,59,64,46,52,60,56,53,59,59,74,52,38,50,57,48,69,57,56,77,64,43,64,42,31,58,62,656,671,2.3%,0.03,0.82
NSW,Prostitution offences,,"7,988,241","7,988,241",49,17,35,52,35,28,31,35,31,50,29,19,30,29,22,24,76,16,7,40,15,25,27,34,14,18,15,19,22,12,13,27,24,22,52,11,54,19,46,39,17,25,20,34,25,19,5,10,27,8,25,15,28,29,4,18,22,21,8,5,9,16,19,17,45,25,17,27,6,12,28,9,6,81,115,75,22,102,19,45,30,30,27,33,27,24,26,22,43,38,11,15,30,45,12,39,82,21,13,9,7,28,12,5,0,1,1,19,1,16,8,20,14,4,16,14,26,6,25,17,16,13,19,25,19,19,6,3,12,4,3,1,5,8,16,7,16,13,5,2,13,2,12,12,3,20,8,14,33,10,3,19,5,2,1,17,11,16,7,10,38,11,7,12,3,19,11,1,8,10,7,39,6,7,2,3,5,2,14,4,1,2,13,13,18,17,22,33,21,36,24,16,16,16,23,9,9,11,8,4,7,6,2,1,2,9,1,3,12,8,11,19,19,13,1,1,1,5,2,4,7,7,4,5,2,5,1,1,4,3,9,25,26,72,46,15,12,14,26,7,16,14,28,9,9,9,7,8,11,4,4,3,2,2,2,3,2,3,8,1,13,8,2,5,9,12,9,15,1,5,3,5,5,3,0,5,5,2,2,6,2,3,0,1,0,1,2,3,0,3,3,0,3,4,2,1,1,1,3,0,2,3,4,24,24,0.0%,0.08,0.61
NSW,Against justice procedures,Escape custody,"7,988,241","7,988,241",36,29,34,24,23,20,26,30,28,39,36,35,32,26,26,31,44,35,39,26,28,29,44,37,39,31,39,34,36,34,28,35,42,33,30,42,40,46,37,39,42,35,35,36,29,30,31,36,41,34,38,33,35,22,35,32,38,39,32,50,38,35,37,30,39,31,30,27,28,24,23,36,32,40,37,36,29,18,26,34,30,43,38,42,42,28,20,23,28,14,17,22,17,28,39,33,44,21,29,17,30,20,30,17,28,24,19,22,19,16,27,21,22,27,20,22,22,19,31,20,19,16,32,31,23,12,24,20,12,23,21,18,31,21,20,28,14,13,25,18,31,15,25,21,15,13,21,18,25,12,18,20,17,19,22,22,11,26,20,12,13,20,19,13,14,23,23,23,17,18,15,21,14,14,16,10,12,15,13,24,27,8,21,16,12,12,11,16,11,19,12,20,17,15,14,26,22,17,10,19,22,19,20,25,23,17,27,28,20,20,15,18,11,26,16,16,17,30,23,13,21,16,17,20,15,6,13,25,19,15,22,16,10,7,6,17,11,9,12,14,18,10,7,10,10,14,21,17,21,19,26,14,20,16,18,16,19,18,21,15,11,15,14,17,22,15,12,9,9,13,9,19,11,15,16,18,13,11,18,20,13,5,21,11,12,14,14,16,17,18,13,14,17,10,10,14,12,15,30,21,16,16,14,174,189,8.6%,0.14,0.34
NSW,Against justice procedures,Breach Apprehended Violence Order,"7,988,241","7,988,241",266,241,292,285,286,296,302,340,320,343,376,386,442,392,418,401,485,452,496,486,498,599,524,624,634,633,635,635,649,609,601,691,694,683,731,832,926,828,824,754,753,748,728,785,886,867,830,846,936,812,870,706,766,748,733,730,754,777,822,882,946,894,933,832,848,847,843,862,860,949,1006,1096,1085,1014,1025,946,977,869,901,922,951,1100,1007,1117,1125,971,1006,987,970,933,851,965,1032,1073,1122,1207,1170,1145,1168,926,1046,1051,937,974,964,1017,1020,1093,1171,1063,1044,941,909,910,927,973,962,1101,983,1081,1057,1002,1033,939,928,870,945,936,883,965,953,1043,1036,1071,1003,835,925,863,840,861,891,1012,978,967,1033,1019,1034,974,983,757,834,1024,897,954,964,1128,1033,960,994,768,874,896,889,910,954,1057,1053,1158,1233,1044,1047,913,924,915,947,1005,912,945,1020,1026,1134,1020,1106,929,928,942,886,1021,993,1069,1050,1110,1178,1114,1179,1010,1033,994,989,1023,1024,1014,1095,1019,1127,1103,1083,995,1095,964,1003,1043,1071,1094,1107,1181,1220,1102,1149,1082,1053,1000,985,1124,1066,1110,1056,1140,1207,1155,1156,1064,1060,976,1012,1088,1031,1149,1180,1297,1367,1198,1175,1036,1167,1026,1065,1139,1124,1341,1323,1212,1407,1314,1408,1268,1245,1129,1163,1209,1294,1297,1408,1388,1440,1249,1256,1110,1173,1169,1092,1126,1120,1237,1328,1428,1446,1390,1356,1231,1218,1272,1194,1266,1280,1343,1453,1588,1672,1472,1481,1362,1388,1286,1416,1519,1423,1707,1560,1778,1782,1585,1643,16470,18449,12.0%,0.62,0.00
NSW,Against justice procedures,Breach bail conditions,"7,988,241","7,988,241",135,115,144,131,139,123,121,123,142,168,162,144,184,173,170,170,185,175,174,154,155,184,193,219,251,218,224,202,197,191,166,190,189,225,225,247,321,281,294,230,267,244,220,242,307,290,295,333,368,324,405,361,369,369,365,382,411,442,350,364,512,415,430,353,369,400,387,369,386,400,504,445,591,514,535,565,554,586,646,647,603,635,600,659,793,638,661,621,652,579,602,615,673,723,692,783,953,757,787,822,798,741,668,704,675,693,747,832,949,830,837,840,848,812,753,857,894,896,938,996,1149,957,1017,940,988,886,893,885,857,1137,953,1062,1159,1183,1303,1142,1204,1109,1217,1159,1272,1355,1305,1745,1494,1313,1531,1580,1520,1499,1462,1614,1561,1580,1759,1821,1888,1936,2170,1823,2005,1969,2028,1884,2047,1978,1904,2051,2306,2003,2126,2029,1838,1937,1960,1934,2192,2206,2148,2243,2295,2069,2469,2147,2131,2198,2178,2056,2147,2341,2153,2678,2689,2486,2891,2898,2613,2830,2548,2416,2593,2888,2412,2860,2766,2419,2492,2554,2465,2465,2428,2246,2516,2757,2759,2821,2767,2522,2900,2746,2821,2791,2537,2564,2637,2763,2657,2936,2752,2455,3026,2562,2630,2544,2514,2964,2336,2782,2820,3053,3378,2802,3293,2970,3132,2992,3044,3232,3133,3002,2781,3374,3718,3270,3554,3483,3495,3346,3270,3478,3485,3553,3664,4011,3763,3229,3674,3438,3582,3482,3326,3417,3240,3423,3316,3944,3827,3673,3808,3522,3437,3307,3170,3350,3306,3598,3485,4104,4279,3601,3916,3942,3963,4094,3868,4087,3747,4204,3781,4403,4195,4148,4359,43075,48791,13.3%,0.57,0.00
NSW,Against justice procedures,Fail to appear,"7,988,241","7,988,241",141,143,135,121,158,174,158,192,160,174,178,163,221,188,178,235,212,174,189,199,208,195,252,219,250,177,223,213,196,177,179,152,151,133,158,172,172,133,146,138,168,122,140,136,159,122,130,128,127,119,135,142,122,151,154,129,130,144,127,107,138,139,149,132,147,148,158,154,123,122,172,142,172,147,183,171,180,230,210,214,187,190,140,159,197,180,176,189,196,158,167,176,173,156,148,187,133,162,162,157,140,153,143,53,65,65,47,53,48,48,43,47,43,49,45,33,39,40,40,39,56,79,61,42,53,51,46,51,64,37,56,34,35,45,57,46,44,62,51,42,71,48,52,45,57,41,41,51,67,79,48,75,55,73,66,75,60,83,76,85,94,80,65,67,70,63,72,63,90,62,91,88,82,70,83,93,73,92,109,72,106,103,127,77,74,94,113,103,109,101,90,108,107,84,114,80,110,98,102,106,88,78,81,75,68,51,37,87,73,60,60,42,74,66,68,67,85,65,92,77,67,65,54,67,60,49,60,79,48,44,53,51,57,42,67,48,70,85,70,52,51,51,70,66,65,57,80,40,41,63,72,69,73,95,49,61,55,53,57,50,69,58,56,66,75,62,45,53,68,41,44,38,39,41,38,34,56,46,48,50,59,38,28,52,34,37,52,36,48,29,46,40,52,42,34,57,48,52,55,71,86,71,66,509,674,32.4%,0.39,0.01
NSW,Against justice procedures,Resist or hinder officer,"7,988,241","7,988,241",397,347,338,322,289,282,281,217,305,254,295,385,364,316,321,326,296,281,270,377,333,296,354,381,430,324,373,283,292,326,290,325,354,344,405,469,497,363,447,394,445,351,418,440,505,575,583,739,704,609,682,591,561,550,601,594,549,585,549,563,689,593,540,575,490,506,525,493,504,492,523,661,723,635,681,548,484,582,516,680,738,604,599,792,846,608,650,557,558,598,507,587,589,584,585,704,710,599,683,525,541,487,442,492,475,478,481,553,591,558,564,472,462,433,500,485,410,511,557,700,672,563,537,542,517,521,528,458,479,615,529,580,615,588,613,596,507,489,501,506,485,590,547,727,722,529,707,624,560,492,548,559,597,577,574,921,753,682,695,635,625,637,548,601,616,655,673,729,866,609,674,668,624,475,524,596,643,635,569,769,846,544,591,605,500,468,563,469,525,595,568,785,768,552,565,567,517,561,508,476,507,563,400,639,623,481,530,542,474,523,489,438,480,424,532,631,686,510,575,517,462,480,432,502,409,554,566,711,750,506,615,601,494,449,452,509,477,545,505,645,649,464,572,534,533,514,464,508,434,543,566,634,704,509,609,537,488,465,472,405,494,501,531,721,703,473,479,526,421,465,475,432,490,562,473,695,635,502,557,543,475,435,436,440,542,490,469,647,572,491,542,500,476,463,455,412,465,505,521,616,570,497,507,6082,5987,-1.6%,0.15,0.31
NSW,Against justice procedures,Other offences against justice procedures,"7,988,241","7,988,241",301,294,387,304,386,329,357,365,396,385,391,391,483,471,478,545,482,486,505,512,517,526,473,554,594,497,532,428,374,306,324,300,307,172,165,203,238,157,195,175,192,130,155,159,141,197,132,142,140,141,174,153,149,142,179,209,166,144,167,146,188,190,178,195,151,184,169,188,116,156,174,182,166,146,156,145,168,140,127,253,205,221,206,192,190,173,188,232,209,245,193,183,158,209,195,167,199,150,155,165,159,158,105,62,68,81,68,64,69,77,75,74,75,50,75,72,54,56,67,45,56,80,73,67,79,48,52,45,38,63,49,33,43,50,56,47,47,55,48,59,61,78,67,66,53,55,54,50,59,54,36,47,63,63,68,49,51,72,64,57,62,64,48,56,77,59,46,53,58,52,64,52,42,52,50,57,54,56,40,40,36,35,48,40,33,36,33,29,35,54,35,43,39,60,40,44,28,47,42,43,30,45,38,40,36,31,30,32,34,35,39,39,27,35,53,43,53,39,54,42,41,43,27,50,43,41,43,58,47,42,41,45,50,69,49,52,41,41,37,52,31,49,36,32,33,50,32,38,60,40,52,72,46,49,54,44,45,36,63,52,52,52,50,46,37,42,65,54,50,63,49,42,30,41,49,51,55,49,50,47,58,41,41,54,54,42,46,58,93,157,137,125,152,129,157,177,164,135,150,144,120,112,138,828,1703,105.7%,0.49,0.00
NSW,Transport regulatory offences,,"7,988,241","7,988,241",40,57,57,53,86,66,84,87,53,52,49,62,75,60,78,68,76,83,82,69,74,80,63,48,57,49,56,65,53,47,45,57,42,42,51,47,61,48,62,53,73,59,50,95,85,85,92,100,104,109,108,148,134,246,259,323,359,248,305,235,401,325,335,315,399,519,508,481,201,295,573,398,439,442,525,515,711,579,585,722,715,840,1075,1002,1470,1535,1986,1963,2103,1906,2164,2176,2289,2407,1893,2599,2964,3666,4309,4434,4705,3677,3310,3045,3375,3599,3250,3468,3412,3338,3635,3596,4167,4085,3926,3691,3274,3213,2936,3233,3049,2519,2499,2878,3953,3541,3113,3216,3198,3149,2940,2800,2805,2614,3470,2806,2787,2833,3258,3332,3032,2483,2517,2636,2822,2494,2650,2986,3407,3201,3218,3541,2891,2442,3908,2969,2946,3001,3455,3836,3717,3128,3148,3308,3283,3288,3301,3104,3533,3521,3673,3313,3657,3421,3744,3110,3170,4002,3539,3965,3640,3981,4825,4655,4604,4659,4704,4086,4464,4438,4746,5152,4936,5225,6010,5304,5001,5216,4767,5134,5123,5375,1555,3690,4660,4299,5550,4340,6280,5753,5054,4467,3947,4440,5375,4703,5458,4583,5730,6178,7099,5688,4842,5820,5325,7019,6825,6285,7323,6361,6844,6755,6982,6386,6149,5883,6832,8569,7123,9162,10889,9380,9570,10596,11139,10874,10722,9937,9099,9335,8619,9104,9695,8969,9222,9669,9091,9512,10378,11287,10425,9649,11002,11132,10090,11062,11513,10342,12280,11126,10500,11046,10101,10752,10393,10439,10019,8731,10219,10012,11850,9923,9161,10046,8671,8497,8818,8505,9017,8489,9918,9111,9516,9588,9550,9413,9587,9656,9931,9543,8860,8242,7114,112907,110111,-2.5%,-0.18,0.21
NSW,Other offences,,"7,988,241","7,988,241",596,516,560,492,616,544,585,661,603,547,575,624,702,635,669,631,686,621,676,652,630,723,688,696,726,647,766,613,748,653,662,701,712,770,715,755,855,701,833,759,801,680,793,743,796,768,749,864,886,807,876,822,892,895,922,976,914,928,928,954,1138,987,1054,1055,1026,1163,1069,1116,1115,1177,1168,1345,1666,1136,1319,1359,1259,1473,1276,1310,1349,1521,1365,1563,1666,1261,1455,1404,1462,1374,1322,1426,1450,1638,1619,1907,1943,1679,1725,1565,1620,1524,1808,1736,1692,1676,1565,1897,1985,1546,1511,1626,1477,1421,1523,1471,1341,1509,1519,1639,1759,1422,1476,1430,1374,1315,1503,1394,1393,1595,1326,1552,1467,1288,1423,1448,1317,1283,1395,1420,1354,1260,1342,1557,1557,1323,1537,1306,1154,1044,1050,1168,1222,1223,1317,1645,1672,1195,1514,1156,1282,1212,1102,1155,1179,1370,1318,1543,1734,1156,1332,1253,1108,1074,1093,1036,1165,1229,1295,1618,1767,1188,1301,1383,1185,1098,1142,1261,1126,1182,1193,1594,1735,1097,1255,1301,1094,1093,1053,1120,1112,1332,810,1298,1768,1243,1102,1391,1257,1159,1038,1179,1231,1235,1357,1691,1756,1153,1305,1199,1249,1190,1152,1236,1101,1480,1380,1573,1735,1205,1347,1302,1182,1189,1154,1040,1110,1278,1303,1585,1712,1232,1291,1269,1172,1239,1243,1136,1213,1437,1302,1540,1590,1327,1268,1258,1133,1167,1105,1195,1068,1322,1266,1572,1637,1113,1154,1279,1177,1171,1120,1183,1188,1398,1353,1528,1612,1191,1370,1255,1236,1072,1060,1158,1213,1112,1222,1450,1646,1181,1268,1260,1225,1013,1073,1053,1098,1252,1229,1379,1317,943,1832,14873,14674,-1.3%,0.09,0.52
